[debug] [2026-07-06T12:55:05.820Z] ----------------------------------------------------------------------
[debug] [2026-07-06T12:55:05.822Z] Command:       /Users/mac/.hermes/node/bin/node /Users/mac/.npm/_npx/ba4f1959e38407b5/node_modules/.bin/firebase deploy --only functions --project wemall-9e8b0
[debug] [2026-07-06T12:55:05.822Z] CLI Version:   15.22.4
[debug] [2026-07-06T12:55:05.822Z] Platform:      darwin
[debug] [2026-07-06T12:55:05.822Z] Node Version:  v22.22.3
[debug] [2026-07-06T12:55:05.823Z] Detected Agent: antigravity
[debug] [2026-07-06T12:55:05.823Z] Time:          Mon Jul 06 2026 14:55:05 GMT+0200 (Central Africa Time)
[debug] [2026-07-06T12:55:05.823Z] ----------------------------------------------------------------------
[debug] 
[debug] [2026-07-06T12:55:06.885Z] > command requires scopes: ["email","openid","https://www.googleapis.com/auth/cloudplatformprojects.readonly","https://www.googleapis.com/auth/firebase","https://www.googleapis.com/auth/cloud-platform"]
[debug] [2026-07-06T12:55:06.885Z] > authorizing via signed-in user (horizondev19@gmail.com)
[debug] [2026-07-06T12:55:06.885Z] [iam] checking project wemall-9e8b0 for permissions ["cloudfunctions.functions.create","cloudfunctions.functions.delete","cloudfunctions.functions.get","cloudfunctions.functions.list","cloudfunctions.functions.update","cloudfunctions.operations.get","firebase.projects.get"]
[debug] [2026-07-06T12:55:06.886Z] Checked if tokens are valid: true, expires at: 1783345962536
[debug] [2026-07-06T12:55:06.886Z] Checked if tokens are valid: true, expires at: 1783345962536
[debug] [2026-07-06T12:55:06.886Z] >>> [apiv2][query] POST https://cloudresourcemanager.googleapis.com/v1/projects/wemall-9e8b0:testIamPermissions [none]
[debug] [2026-07-06T12:55:06.886Z] >>> [apiv2][(partial)header] POST https://cloudresourcemanager.googleapis.com/v1/projects/wemall-9e8b0:testIamPermissions  x-goog-user-project=wemall-9e8b0
[debug] [2026-07-06T12:55:06.886Z] >>> [apiv2][body] POST https://cloudresourcemanager.googleapis.com/v1/projects/wemall-9e8b0:testIamPermissions {"permissions":["cloudfunctions.functions.create","cloudfunctions.functions.delete","cloudfunctions.functions.get","cloudfunctions.functions.list","cloudfunctions.functions.update","cloudfunctions.operations.get","firebase.projects.get"]}
[debug] [2026-07-06T12:55:08.782Z] <<< [apiv2][status] POST https://cloudresourcemanager.googleapis.com/v1/projects/wemall-9e8b0:testIamPermissions 200
[debug] [2026-07-06T12:55:08.782Z] <<< [apiv2][body] POST https://cloudresourcemanager.googleapis.com/v1/projects/wemall-9e8b0:testIamPermissions {"permissions":["cloudfunctions.functions.create","cloudfunctions.functions.delete","cloudfunctions.functions.get","cloudfunctions.functions.list","cloudfunctions.functions.update","cloudfunctions.operations.get","firebase.projects.get"]}
[debug] [2026-07-06T12:55:08.782Z] Checked if tokens are valid: true, expires at: 1783345962536
[debug] [2026-07-06T12:55:08.782Z] Checked if tokens are valid: true, expires at: 1783345962536
[debug] [2026-07-06T12:55:08.782Z] >>> [apiv2][query] POST https://iam.googleapis.com/v1/projects/wemall-9e8b0/serviceAccounts/wemall-9e8b0@appspot.gserviceaccount.com:testIamPermissions [none]
[debug] [2026-07-06T12:55:08.782Z] >>> [apiv2][body] POST https://iam.googleapis.com/v1/projects/wemall-9e8b0/serviceAccounts/wemall-9e8b0@appspot.gserviceaccount.com:testIamPermissions {"permissions":["iam.serviceAccounts.actAs"]}
[debug] [2026-07-06T12:55:10.579Z] <<< [apiv2][status] POST https://iam.googleapis.com/v1/projects/wemall-9e8b0/serviceAccounts/wemall-9e8b0@appspot.gserviceaccount.com:testIamPermissions 200
[debug] [2026-07-06T12:55:10.580Z] <<< [apiv2][body] POST https://iam.googleapis.com/v1/projects/wemall-9e8b0/serviceAccounts/wemall-9e8b0@appspot.gserviceaccount.com:testIamPermissions {"permissions":["iam.serviceAccounts.actAs"]}
[info] 
[info] === Deploying to 'wemall-9e8b0'...
[info] 
[info] i  deploying functions 
[debug] [2026-07-06T12:55:10.584Z] Checked if tokens are valid: true, expires at: 1783345962536
[debug] [2026-07-06T12:55:10.584Z] Checked if tokens are valid: true, expires at: 1783345962536
[debug] [2026-07-06T12:55:10.584Z] >>> [apiv2][query] GET https://cloudresourcemanager.googleapis.com/v1/projects/wemall-9e8b0 [none]
[debug] [2026-07-06T12:55:10.963Z] <<< [apiv2][status] GET https://cloudresourcemanager.googleapis.com/v1/projects/wemall-9e8b0 200
[debug] [2026-07-06T12:55:10.964Z] <<< [apiv2][body] GET https://cloudresourcemanager.googleapis.com/v1/projects/wemall-9e8b0 {"projectNumber":"836834025842","projectId":"wemall-9e8b0","lifecycleState":"ACTIVE","name":"wemall","labels":{"firebase":"enabled","firebase-core":"disabled"},"createTime":"2026-06-04T15:40:58.598Z"}
[info] i  functions: preparing codebase default for deployment 
[info] i  functions: ensuring required API cloudfunctions.googleapis.com is enabled... 
[info] i  functions: ensuring required API cloudbuild.googleapis.com is enabled... 
[debug] [2026-07-06T12:55:10.966Z] Checked if tokens are valid: true, expires at: 1783345962536
[debug] [2026-07-06T12:55:10.966Z] Checked if tokens are valid: true, expires at: 1783345962536
[info] i  artifactregistry: ensuring required API artifactregistry.googleapis.com is enabled... 
[debug] [2026-07-06T12:55:10.966Z] Checked if tokens are valid: true, expires at: 1783345962536
[debug] [2026-07-06T12:55:10.966Z] Checked if tokens are valid: true, expires at: 1783345962536
[debug] [2026-07-06T12:55:10.967Z] >>> [apiv2][query] GET https://serviceusage.googleapis.com/v1/projects/wemall-9e8b0/services/cloudbuild.googleapis.com [none]
[debug] [2026-07-06T12:55:10.967Z] >>> [apiv2][(partial)header] GET https://serviceusage.googleapis.com/v1/projects/wemall-9e8b0/services/cloudbuild.googleapis.com  x-goog-user-project=wemall-9e8b0
[debug] [2026-07-06T12:55:10.967Z] >>> [apiv2][query] GET https://serviceusage.googleapis.com/v1/projects/wemall-9e8b0/services/artifactregistry.googleapis.com [none]
[debug] [2026-07-06T12:55:10.967Z] >>> [apiv2][(partial)header] GET https://serviceusage.googleapis.com/v1/projects/wemall-9e8b0/services/artifactregistry.googleapis.com  x-goog-user-project=wemall-9e8b0
[debug] [2026-07-06T12:55:13.151Z] <<< [apiv2][status] GET https://serviceusage.googleapis.com/v1/projects/wemall-9e8b0/services/cloudbuild.googleapis.com 200
[debug] [2026-07-06T12:55:13.152Z] <<< [apiv2][body] GET https://serviceusage.googleapis.com/v1/projects/wemall-9e8b0/services/cloudbuild.googleapis.com [omitted]
[warn] ⚠  functions: missing required API cloudbuild.googleapis.com. Enabling now... 
[debug] [2026-07-06T12:55:13.152Z] Checked if tokens are valid: true, expires at: 1783345962536
[debug] [2026-07-06T12:55:13.152Z] Checked if tokens are valid: true, expires at: 1783345962536
[debug] [2026-07-06T12:55:13.152Z] >>> [apiv2][query] POST https://serviceusage.googleapis.com/v1/projects/wemall-9e8b0/services/cloudbuild.googleapis.com:enable [none]
[debug] [2026-07-06T12:55:13.152Z] >>> [apiv2][(partial)header] POST https://serviceusage.googleapis.com/v1/projects/wemall-9e8b0/services/cloudbuild.googleapis.com:enable  x-goog-user-project=wemall-9e8b0
[debug] [2026-07-06T12:55:13.214Z] <<< [apiv2][status] GET https://serviceusage.googleapis.com/v1/projects/wemall-9e8b0/services/artifactregistry.googleapis.com 200
[debug] [2026-07-06T12:55:13.214Z] <<< [apiv2][body] GET https://serviceusage.googleapis.com/v1/projects/wemall-9e8b0/services/artifactregistry.googleapis.com [omitted]
[warn] ⚠  artifactregistry: missing required API artifactregistry.googleapis.com. Enabling now... 
[debug] [2026-07-06T12:55:13.214Z] Checked if tokens are valid: true, expires at: 1783345962536
[debug] [2026-07-06T12:55:13.214Z] Checked if tokens are valid: true, expires at: 1783345962536
[debug] [2026-07-06T12:55:13.214Z] >>> [apiv2][query] POST https://serviceusage.googleapis.com/v1/projects/wemall-9e8b0/services/artifactregistry.googleapis.com:enable [none]
[debug] [2026-07-06T12:55:13.214Z] >>> [apiv2][(partial)header] POST https://serviceusage.googleapis.com/v1/projects/wemall-9e8b0/services/artifactregistry.googleapis.com:enable  x-goog-user-project=wemall-9e8b0
[debug] [2026-07-06T12:55:14.160Z] <<< [apiv2][status] POST https://serviceusage.googleapis.com/v1/projects/wemall-9e8b0/services/artifactregistry.googleapis.com:enable 200
[debug] [2026-07-06T12:55:14.160Z] <<< [apiv2][body] POST https://serviceusage.googleapis.com/v1/projects/wemall-9e8b0/services/artifactregistry.googleapis.com:enable [omitted]
[debug] [2026-07-06T12:55:14.169Z] <<< [apiv2][status] POST https://serviceusage.googleapis.com/v1/projects/wemall-9e8b0/services/cloudbuild.googleapis.com:enable 200
[debug] [2026-07-06T12:55:14.169Z] <<< [apiv2][body] POST https://serviceusage.googleapis.com/v1/projects/wemall-9e8b0/services/cloudbuild.googleapis.com:enable [omitted]
[debug] [2026-07-06T12:55:24.178Z] Checked if tokens are valid: true, expires at: 1783345962536
[debug] [2026-07-06T12:55:24.179Z] Checked if tokens are valid: true, expires at: 1783345962536
[debug] [2026-07-06T12:55:24.179Z] >>> [apiv2][query] GET https://firebase.googleapis.com/v1beta1/projects/wemall-9e8b0/adminSdkConfig [none]
[debug] [2026-07-06T12:55:25.021Z] <<< [apiv2][status] GET https://firebase.googleapis.com/v1beta1/projects/wemall-9e8b0/adminSdkConfig 200
[debug] [2026-07-06T12:55:25.021Z] <<< [apiv2][body] GET https://firebase.googleapis.com/v1beta1/projects/wemall-9e8b0/adminSdkConfig {"projectId":"wemall-9e8b0","databaseURL":"https://wemall-9e8b0-default-rtdb.firebaseio.com","storageBucket":"wemall-9e8b0.firebasestorage.app"}
[debug] [2026-07-06T12:55:25.022Z] Checked if tokens are valid: true, expires at: 1783345962536
[debug] [2026-07-06T12:55:25.022Z] Checked if tokens are valid: true, expires at: 1783345962536
[debug] [2026-07-06T12:55:25.022Z] >>> [apiv2][query] GET https://runtimeconfig.googleapis.com/v1beta1/projects/wemall-9e8b0/configs [none]
[debug] [2026-07-06T12:55:26.066Z] <<< [apiv2][status] GET https://runtimeconfig.googleapis.com/v1beta1/projects/wemall-9e8b0/configs 200
[debug] [2026-07-06T12:55:26.066Z] <<< [apiv2][body] GET https://runtimeconfig.googleapis.com/v1beta1/projects/wemall-9e8b0/configs {}
[debug] [2026-07-06T12:55:26.077Z] Validating nodejs source
[warn] ⚠  functions: package.json indicates an outdated version of firebase-functions. Please upgrade using npm install --save firebase-functions@latest in your functions directory. 
[warn] ⚠  functions: Please note that there will be breaking changes when you upgrade. 
[debug] [2026-07-06T12:55:27.032Z] > [functions] package.json contents: {
  "name": "functions",
  "description": "Cloud Functions for Firebase",
  "scripts": {
    "serve": "firebase emulators:start --only functions",
    "shell": "firebase functions:shell",
    "start": "firebase functions:shell",
    "deploy": "firebase deploy --only functions"
  },
  "engines": {
    "node": "22"
  },
  "main": "index.js",
  "dependencies": {
    "firebase-admin": "^11.8.0",
    "firebase-functions": "^4.3.1"
  },
  "private": true
}
[debug] [2026-07-06T12:55:27.032Z] Building nodejs source
[info] i  functions: Loading and analyzing source code for codebase default to determine what to deploy 
[info] i  functions: You are using a version of firebase-functions SDK (4.9.0) that does not have support for the newest Firebase Extensions features. Please update firebase-functions SDK to >=5.1.0 to use them correctly 
[debug] [2026-07-06T12:55:27.033Z] Could not find functions.yaml. Must use http discovery
[debug] [2026-07-06T12:55:27.041Z] Found firebase-functions binary at '/Volumes/Untitled/WeMall/services/firebase-functions/node_modules/.bin/firebase-functions'
[info] Serving at port 8249

[debug] [2026-07-06T12:55:33.000Z] Got response from /__/functions.yaml {"endpoints":{"onMessageCreated":{"availableMemoryMb":null,"timeoutSeconds":null,"minInstances":null,"maxInstances":null,"ingressSettings":null,"concurrency":null,"serviceAccountEmail":null,"vpc":null,"platform":"gcfv2","labels":{},"eventTrigger":{"eventType":"google.cloud.firestore.document.v1.created","eventFilters":{"database":"(default)","namespace":"(default)"},"eventFilterPathPatterns":{"document":"threads/{threadId}/messages/{messageId}"},"retry":false},"entryPoint":"onMessageCreated"}},"specVersion":"v1alpha1","requiredAPIs":[]}
[debug] [2026-07-06T12:55:37.012Z] Checked if tokens are valid: true, expires at: 1783345962536
[debug] [2026-07-06T12:55:37.013Z] Checked if tokens are valid: true, expires at: 1783345962536
[debug] [2026-07-06T12:55:37.013Z] >>> [apiv2][query] GET https://cloudfunctions.googleapis.com/v1/projects/wemall-9e8b0/locations/-/functions [none]
[debug] [2026-07-06T12:55:38.375Z] <<< [apiv2][status] GET https://cloudfunctions.googleapis.com/v1/projects/wemall-9e8b0/locations/-/functions 200
[debug] [2026-07-06T12:55:38.375Z] <<< [apiv2][body] GET https://cloudfunctions.googleapis.com/v1/projects/wemall-9e8b0/locations/-/functions {}
[debug] [2026-07-06T12:55:38.376Z] Checked if tokens are valid: true, expires at: 1783345962536
[debug] [2026-07-06T12:55:38.376Z] Checked if tokens are valid: true, expires at: 1783345962536
[debug] [2026-07-06T12:55:38.376Z] >>> [apiv2][query] GET https://cloudfunctions.googleapis.com/v2/projects/wemall-9e8b0/locations/-/functions filter=environment%3D%22GEN_2%22
[debug] [2026-07-06T12:55:39.661Z] <<< [apiv2][status] GET https://cloudfunctions.googleapis.com/v2/projects/wemall-9e8b0/locations/-/functions 200
[debug] [2026-07-06T12:55:39.662Z] <<< [apiv2][body] GET https://cloudfunctions.googleapis.com/v2/projects/wemall-9e8b0/locations/-/functions {}
[debug] [2026-07-06T12:55:39.665Z] Checked if tokens are valid: true, expires at: 1783345962536
[debug] [2026-07-06T12:55:39.665Z] Checked if tokens are valid: true, expires at: 1783345962536
[debug] [2026-07-06T12:55:39.665Z] >>> [apiv2][query] GET https://firestore.googleapis.com/v1/projects/wemall-9e8b0/databases/(default) [none]
[debug] [2026-07-06T12:55:40.673Z] <<< [apiv2][status] GET https://firestore.googleapis.com/v1/projects/wemall-9e8b0/databases/(default) 200
[debug] [2026-07-06T12:55:40.673Z] <<< [apiv2][body] GET https://firestore.googleapis.com/v1/projects/wemall-9e8b0/databases/(default) {"name":"projects/wemall-9e8b0/databases/(default)","uid":"bd3fca8e-cd7d-4f02-8d0d-04efe7b8f9ee","createTime":"2026-07-05T14:04:58.529338Z","updateTime":"2026-07-05T14:04:58.529338Z","locationId":"africa-south1","type":"FIRESTORE_NATIVE","concurrencyMode":"PESSIMISTIC","versionRetentionPeriod":"3600s","earliestVersionTime":"2026-07-06T11:55:40.924437Z","appEngineIntegrationMode":"DISABLED","pointInTimeRecoveryEnablement":"POINT_IN_TIME_RECOVERY_DISABLED","deleteProtectionState":"DELETE_PROTECTION_DISABLED","databaseEdition":"STANDARD","freeTier":true,"realtimeUpdatesMode":"REALTIME_UPDATES_MODE_ENABLED","etag":"IIXJqNWMvpUDMOrin+/bu5UD"}
[info] i  functions: preparing . directory for uploading... 
[info] i  functions: packaged /Volumes/Untitled/WeMall/services/firebase-functions (38.95 KB) for uploading 
[info] i  functions: ensuring required API run.googleapis.com is enabled... 
[debug] [2026-07-06T12:55:40.775Z] Checked if tokens are valid: true, expires at: 1783345962536
[debug] [2026-07-06T12:55:40.775Z] Checked if tokens are valid: true, expires at: 1783345962536
[info] i  functions: ensuring required API eventarc.googleapis.com is enabled... 
[debug] [2026-07-06T12:55:40.775Z] Checked if tokens are valid: true, expires at: 1783345962536
[debug] [2026-07-06T12:55:40.775Z] Checked if tokens are valid: true, expires at: 1783345962536
[info] i  functions: ensuring required API pubsub.googleapis.com is enabled... 
[debug] [2026-07-06T12:55:40.775Z] Checked if tokens are valid: true, expires at: 1783345962536
[debug] [2026-07-06T12:55:40.775Z] Checked if tokens are valid: true, expires at: 1783345962536
[info] i  functions: ensuring required API storage.googleapis.com is enabled... 
[debug] [2026-07-06T12:55:40.776Z] Checked if tokens are valid: true, expires at: 1783345962536
[debug] [2026-07-06T12:55:40.776Z] Checked if tokens are valid: true, expires at: 1783345962536
[debug] [2026-07-06T12:55:40.776Z] >>> [apiv2][query] GET https://serviceusage.googleapis.com/v1/projects/836834025842/services/run.googleapis.com [none]
[debug] [2026-07-06T12:55:40.776Z] >>> [apiv2][(partial)header] GET https://serviceusage.googleapis.com/v1/projects/836834025842/services/run.googleapis.com  x-goog-user-project=836834025842
[debug] [2026-07-06T12:55:40.776Z] >>> [apiv2][query] GET https://serviceusage.googleapis.com/v1/projects/836834025842/services/eventarc.googleapis.com [none]
[debug] [2026-07-06T12:55:40.776Z] >>> [apiv2][(partial)header] GET https://serviceusage.googleapis.com/v1/projects/836834025842/services/eventarc.googleapis.com  x-goog-user-project=836834025842
[debug] [2026-07-06T12:55:40.777Z] >>> [apiv2][query] GET https://serviceusage.googleapis.com/v1/projects/836834025842/services/pubsub.googleapis.com [none]
[debug] [2026-07-06T12:55:40.777Z] >>> [apiv2][(partial)header] GET https://serviceusage.googleapis.com/v1/projects/836834025842/services/pubsub.googleapis.com  x-goog-user-project=836834025842
[debug] [2026-07-06T12:55:40.777Z] >>> [apiv2][query] GET https://serviceusage.googleapis.com/v1/projects/836834025842/services/storage.googleapis.com [none]
[debug] [2026-07-06T12:55:40.777Z] >>> [apiv2][(partial)header] GET https://serviceusage.googleapis.com/v1/projects/836834025842/services/storage.googleapis.com  x-goog-user-project=836834025842
[debug] [2026-07-06T12:55:42.655Z] <<< [apiv2][status] GET https://serviceusage.googleapis.com/v1/projects/836834025842/services/eventarc.googleapis.com 200
[debug] [2026-07-06T12:55:42.655Z] <<< [apiv2][body] GET https://serviceusage.googleapis.com/v1/projects/836834025842/services/eventarc.googleapis.com [omitted]
[warn] ⚠  functions: missing required API eventarc.googleapis.com. Enabling now... 
[debug] [2026-07-06T12:55:42.655Z] Checked if tokens are valid: true, expires at: 1783345962536
[debug] [2026-07-06T12:55:42.655Z] Checked if tokens are valid: true, expires at: 1783345962536
[debug] [2026-07-06T12:55:42.655Z] >>> [apiv2][query] POST https://serviceusage.googleapis.com/v1/projects/836834025842/services/eventarc.googleapis.com:enable [none]
[debug] [2026-07-06T12:55:42.655Z] >>> [apiv2][(partial)header] POST https://serviceusage.googleapis.com/v1/projects/836834025842/services/eventarc.googleapis.com:enable  x-goog-user-project=836834025842
[debug] [2026-07-06T12:55:42.700Z] <<< [apiv2][status] GET https://serviceusage.googleapis.com/v1/projects/836834025842/services/pubsub.googleapis.com 200
[debug] [2026-07-06T12:55:42.700Z] <<< [apiv2][body] GET https://serviceusage.googleapis.com/v1/projects/836834025842/services/pubsub.googleapis.com [omitted]
[info] ✔  functions: required API pubsub.googleapis.com is enabled 
[debug] [2026-07-06T12:55:42.720Z] <<< [apiv2][status] GET https://serviceusage.googleapis.com/v1/projects/836834025842/services/run.googleapis.com 200
[debug] [2026-07-06T12:55:42.720Z] <<< [apiv2][body] GET https://serviceusage.googleapis.com/v1/projects/836834025842/services/run.googleapis.com [omitted]
[warn] ⚠  functions: missing required API run.googleapis.com. Enabling now... 
[debug] [2026-07-06T12:55:42.720Z] Checked if tokens are valid: true, expires at: 1783345962536
[debug] [2026-07-06T12:55:42.720Z] Checked if tokens are valid: true, expires at: 1783345962536
[debug] [2026-07-06T12:55:42.720Z] >>> [apiv2][query] POST https://serviceusage.googleapis.com/v1/projects/836834025842/services/run.googleapis.com:enable [none]
[debug] [2026-07-06T12:55:42.720Z] >>> [apiv2][(partial)header] POST https://serviceusage.googleapis.com/v1/projects/836834025842/services/run.googleapis.com:enable  x-goog-user-project=836834025842
[debug] [2026-07-06T12:55:42.727Z] <<< [apiv2][status] GET https://serviceusage.googleapis.com/v1/projects/836834025842/services/storage.googleapis.com 200
[debug] [2026-07-06T12:55:42.727Z] <<< [apiv2][body] GET https://serviceusage.googleapis.com/v1/projects/836834025842/services/storage.googleapis.com [omitted]
[info] ✔  functions: required API storage.googleapis.com is enabled 
[debug] [2026-07-06T12:55:43.611Z] <<< [apiv2][status] POST https://serviceusage.googleapis.com/v1/projects/836834025842/services/eventarc.googleapis.com:enable 200
[debug] [2026-07-06T12:55:43.611Z] <<< [apiv2][body] POST https://serviceusage.googleapis.com/v1/projects/836834025842/services/eventarc.googleapis.com:enable [omitted]
[debug] [2026-07-06T12:55:44.929Z] <<< [apiv2][status] POST https://serviceusage.googleapis.com/v1/projects/836834025842/services/run.googleapis.com:enable 200
[debug] [2026-07-06T12:55:44.930Z] <<< [apiv2][body] POST https://serviceusage.googleapis.com/v1/projects/836834025842/services/run.googleapis.com:enable [omitted]
[info] i  functions: generating the service identity for pubsub.googleapis.com... 
[debug] [2026-07-06T12:55:54.943Z] Checked if tokens are valid: true, expires at: 1783345962536
[debug] [2026-07-06T12:55:54.943Z] Checked if tokens are valid: true, expires at: 1783345962536
[info] i  functions: generating the service identity for eventarc.googleapis.com... 
[debug] [2026-07-06T12:55:54.943Z] Checked if tokens are valid: true, expires at: 1783345962536
[debug] [2026-07-06T12:55:54.943Z] Checked if tokens are valid: true, expires at: 1783345962536
[debug] [2026-07-06T12:55:54.943Z] >>> [apiv2][query] POST https://serviceusage.googleapis.com/v1beta1/projects/836834025842/services/pubsub.googleapis.com:generateServiceIdentity [none]
[debug] [2026-07-06T12:55:54.943Z] >>> [apiv2][(partial)header] POST https://serviceusage.googleapis.com/v1beta1/projects/836834025842/services/pubsub.googleapis.com:generateServiceIdentity  x-goog-user-project=836834025842
[debug] [2026-07-06T12:55:54.943Z] >>> [apiv2][body] POST https://serviceusage.googleapis.com/v1beta1/projects/836834025842/services/pubsub.googleapis.com:generateServiceIdentity {}
[debug] [2026-07-06T12:55:54.945Z] >>> [apiv2][query] POST https://serviceusage.googleapis.com/v1beta1/projects/836834025842/services/eventarc.googleapis.com:generateServiceIdentity [none]
[debug] [2026-07-06T12:55:54.945Z] >>> [apiv2][(partial)header] POST https://serviceusage.googleapis.com/v1beta1/projects/836834025842/services/eventarc.googleapis.com:generateServiceIdentity  x-goog-user-project=836834025842
[debug] [2026-07-06T12:55:54.945Z] >>> [apiv2][body] POST https://serviceusage.googleapis.com/v1beta1/projects/836834025842/services/eventarc.googleapis.com:generateServiceIdentity {}
[debug] [2026-07-06T12:55:57.242Z] <<< [apiv2][status] POST https://serviceusage.googleapis.com/v1beta1/projects/836834025842/services/eventarc.googleapis.com:generateServiceIdentity 200
[debug] [2026-07-06T12:55:57.242Z] <<< [apiv2][body] POST https://serviceusage.googleapis.com/v1beta1/projects/836834025842/services/eventarc.googleapis.com:generateServiceIdentity {"name":"operations/finished.DONE_OPERATION","done":true,"response":{"@type":"type.googleapis.com/google.api.serviceusage.v1beta1.ServiceIdentity","email":"service-836834025842@gcp-sa-eventarc.iam.gserviceaccount.com","uniqueId":"115908286310373861944"}}
[debug] [2026-07-06T12:55:57.243Z] <<< [apiv2][status] POST https://serviceusage.googleapis.com/v1beta1/projects/836834025842/services/pubsub.googleapis.com:generateServiceIdentity 200
[debug] [2026-07-06T12:55:57.243Z] <<< [apiv2][body] POST https://serviceusage.googleapis.com/v1beta1/projects/836834025842/services/pubsub.googleapis.com:generateServiceIdentity {"name":"operations/finished.DONE_OPERATION","done":true,"response":{"@type":"type.googleapis.com/google.api.serviceusage.v1beta1.ServiceIdentity","email":"service-836834025842@gcp-sa-pubsub.iam.gserviceaccount.com","uniqueId":"112611541010349660867"}}
[debug] [2026-07-06T12:55:57.245Z] Checked if tokens are valid: true, expires at: 1783345962536
[debug] [2026-07-06T12:55:57.245Z] Checked if tokens are valid: true, expires at: 1783345962536
[debug] [2026-07-06T12:55:57.245Z] >>> [apiv2][query] GET https://compute.googleapis.com/compute/v1/projects/836834025842 [none]
[debug] [2026-07-06T12:55:58.169Z] <<< [apiv2][status] GET https://compute.googleapis.com/compute/v1/projects/836834025842 403
[debug] [2026-07-06T12:55:58.170Z] <<< [apiv2][body] GET https://compute.googleapis.com/compute/v1/projects/836834025842 {"error":{"code":403,"message":"Compute Engine API has not been used in project 836834025842 before or it is disabled. Enable it by visiting https://console.developers.google.com/apis/api/compute.googleapis.com/overview?project=836834025842 then retry. If you enabled this API recently, wait a few minutes for the action to propagate to our systems and retry.","errors":[{"message":"Compute Engine API has not been used in project 836834025842 before or it is disabled. Enable it by visiting https://console.developers.google.com/apis/api/compute.googleapis.com/overview?project=836834025842 then retry. If you enabled this API recently, wait a few minutes for the action to propagate to our systems and retry.","domain":"usageLimits","reason":"accessNotConfigured","extendedHelp":"https://console.developers.google.com"}],"status":"PERMISSION_DENIED","details":[{"@type":"type.googleapis.com/google.rpc.ErrorInfo","reason":"SERVICE_DISABLED","domain":"googleapis.com","metadata":{"service":"compute.googleapis.com","consumer":"projects/836834025842","serviceTitle":"Compute Engine API","containerInfo":"836834025842","activationUrl":"https://console.developers.google.com/apis/api/compute.googleapis.com/overview?project=836834025842"}},{"@type":"type.googleapis.com/google.rpc.LocalizedMessage","locale":"en-US","message":"Compute Engine API has not been used in project 836834025842 before or it is disabled. Enable it by visiting https://console.developers.google.com/apis/api/compute.googleapis.com/overview?project=836834025842 then retry. If you enabled this API recently, wait a few minutes for the action to propagate to our systems and retry."},{"@type":"type.googleapis.com/google.rpc.Help","links":[{"description":"Google developers console API activation","url":"https://console.developers.google.com/apis/api/compute.googleapis.com/overview?project=836834025842"}]}]}}
[debug] [2026-07-06T12:55:58.171Z] unable to look up default compute service account. Falling back to 836834025842-compute@developer.gserviceaccount.com. Error: {"name":"FirebaseError","children":[],"context":{"body":{"error":{"code":403,"message":"Compute Engine API has not been used in project 836834025842 before or it is disabled. Enable it by visiting https://console.developers.google.com/apis/api/compute.googleapis.com/overview?project=836834025842 then retry. If you enabled this API recently, wait a few minutes for the action to propagate to our systems and retry.","errors":[{"message":"Compute Engine API has not been used in project 836834025842 before or it is disabled. Enable it by visiting https://console.developers.google.com/apis/api/compute.googleapis.com/overview?project=836834025842 then retry. If you enabled this API recently, wait a few minutes for the action to propagate to our systems and retry.","domain":"usageLimits","reason":"accessNotConfigured","extendedHelp":"https://console.developers.google.com"}],"status":"PERMISSION_DENIED","details":[{"@type":"type.googleapis.com/google.rpc.ErrorInfo","reason":"SERVICE_DISABLED","domain":"googleapis.com","metadata":{"service":"compute.googleapis.com","consumer":"projects/836834025842","serviceTitle":"Compute Engine API","containerInfo":"836834025842","activationUrl":"https://console.developers.google.com/apis/api/compute.googleapis.com/overview?project=836834025842"}},{"@type":"type.googleapis.com/google.rpc.LocalizedMessage","locale":"en-US","message":"Compute Engine API has not been used in project 836834025842 before or it is disabled. Enable it by visiting https://console.developers.google.com/apis/api/compute.googleapis.com/overview?project=836834025842 then retry. If you enabled this API recently, wait a few minutes for the action to propagate to our systems and retry."},{"@type":"type.googleapis.com/google.rpc.Help","links":[{"description":"Google developers console API activation","url":"https://console.developers.google.com/apis/api/compute.googleapis.com/overview?project=836834025842"}]}]}},"response":{"statusCode":403}},"exit":1,"message":"Request to https://compute.googleapis.com/compute/v1/projects/836834025842 had HTTP Error: 403, Compute Engine API has not been used in project 836834025842 before or it is disabled. Enable it by visiting https://console.developers.google.com/apis/api/compute.googleapis.com/overview?project=836834025842 then retry. If you enabled this API recently, wait a few minutes for the action to propagate to our systems and retry.","status":403}
[debug] [2026-07-06T12:55:58.171Z] Checked if tokens are valid: true, expires at: 1783345962536
[debug] [2026-07-06T12:55:58.171Z] Checked if tokens are valid: true, expires at: 1783345962536
[debug] [2026-07-06T12:55:58.171Z] >>> [apiv2][query] POST https://cloudresourcemanager.googleapis.com/v1/projects/836834025842:getIamPolicy [none]
[debug] [2026-07-06T12:56:00.084Z] <<< [apiv2][status] POST https://cloudresourcemanager.googleapis.com/v1/projects/836834025842:getIamPolicy 200
[debug] [2026-07-06T12:56:00.084Z] <<< [apiv2][body] POST https://cloudresourcemanager.googleapis.com/v1/projects/836834025842:getIamPolicy {"version":1,"etag":"BwZV8MtRhZU=","bindings":[{"role":"roles/cloudbuild.builds.builder","members":["serviceAccount:836834025842@cloudbuild.gserviceaccount.com"]},{"role":"roles/cloudbuild.serviceAgent","members":["serviceAccount:service-836834025842@gcp-sa-cloudbuild.iam.gserviceaccount.com"]},{"role":"roles/cloudfunctions.serviceAgent","members":["serviceAccount:service-836834025842@gcf-admin-robot.iam.gserviceaccount.com"]},{"role":"roles/containerregistry.ServiceAgent","members":["serviceAccount:service-836834025842@containerregistry.iam.gserviceaccount.com"]},{"role":"roles/editor","members":["serviceAccount:836834025842-compute@developer.gserviceaccount.com","serviceAccount:wemall-9e8b0@appspot.gserviceaccount.com"]},{"role":"roles/firebase.managementServiceAgent","members":["serviceAccount:service-836834025842@gcp-sa-firebase.iam.gserviceaccount.com"]},{"role":"roles/firebase.sdkAdminServiceAgent","members":["serviceAccount:firebase-adminsdk-fbsvc@wemall-9e8b0.iam.gserviceaccount.com"]},{"role":"roles/firebaseauth.admin","members":["serviceAccount:firebase-adminsdk-fbsvc@wemall-9e8b0.iam.gserviceaccount.com"]},{"role":"roles/firebasedatabase.admin","members":["serviceAccount:firebase-adminsdk-fbsvc@wemall-9e8b0.iam.gserviceaccount.com"]},{"role":"roles/firebaserules.system","members":["serviceAccount:service-836834025842@firebase-rules.iam.gserviceaccount.com"]},{"role":"roles/firestore.serviceAgent","members":["serviceAccount:service-836834025842@gcp-sa-firestore.iam.gserviceaccount.com"]},{"role":"roles/iam.serviceAccountTokenCreator","members":["serviceAccount:firebase-adminsdk-fbsvc@wemall-9e8b0.iam.gserviceaccount.com"]},{"role":"roles/owner","members":["user:horizondev19@gmail.com"]},{"role":"roles/run.serviceAgent","members":["serviceAccount:service-836834025842@serverless-robot-prod.iam.gserviceaccount.com"]}]}
[debug] [2026-07-06T12:56:00.084Z] Checked if tokens are valid: true, expires at: 1783345962536
[debug] [2026-07-06T12:56:00.084Z] Checked if tokens are valid: true, expires at: 1783345962536
[debug] [2026-07-06T12:56:00.084Z] >>> [apiv2][query] POST https://cloudresourcemanager.googleapis.com/v1/projects/836834025842:setIamPolicy [none]
[debug] [2026-07-06T12:56:00.085Z] >>> [apiv2][body] POST https://cloudresourcemanager.googleapis.com/v1/projects/836834025842:setIamPolicy {"policy":{"version":1,"etag":"BwZV8MtRhZU=","bindings":[{"role":"roles/cloudbuild.builds.builder","members":["serviceAccount:836834025842@cloudbuild.gserviceaccount.com"]},{"role":"roles/cloudbuild.serviceAgent","members":["serviceAccount:service-836834025842@gcp-sa-cloudbuild.iam.gserviceaccount.com"]},{"role":"roles/cloudfunctions.serviceAgent","members":["serviceAccount:service-836834025842@gcf-admin-robot.iam.gserviceaccount.com"]},{"role":"roles/containerregistry.ServiceAgent","members":["serviceAccount:service-836834025842@containerregistry.iam.gserviceaccount.com"]},{"role":"roles/editor","members":["serviceAccount:836834025842-compute@developer.gserviceaccount.com","serviceAccount:wemall-9e8b0@appspot.gserviceaccount.com"]},{"role":"roles/firebase.managementServiceAgent","members":["serviceAccount:service-836834025842@gcp-sa-firebase.iam.gserviceaccount.com"]},{"role":"roles/firebase.sdkAdminServiceAgent","members":["serviceAccount:firebase-adminsdk-fbsvc@wemall-9e8b0.iam.gserviceaccount.com"]},{"role":"roles/firebaseauth.admin","members":["serviceAccount:firebase-adminsdk-fbsvc@wemall-9e8b0.iam.gserviceaccount.com"]},{"role":"roles/firebasedatabase.admin","members":["serviceAccount:firebase-adminsdk-fbsvc@wemall-9e8b0.iam.gserviceaccount.com"]},{"role":"roles/firebaserules.system","members":["serviceAccount:service-836834025842@firebase-rules.iam.gserviceaccount.com"]},{"role":"roles/firestore.serviceAgent","members":["serviceAccount:service-836834025842@gcp-sa-firestore.iam.gserviceaccount.com"]},{"role":"roles/iam.serviceAccountTokenCreator","members":["serviceAccount:firebase-adminsdk-fbsvc@wemall-9e8b0.iam.gserviceaccount.com","serviceAccount:service-836834025842@gcp-sa-pubsub.iam.gserviceaccount.com"]},{"role":"roles/owner","members":["user:horizondev19@gmail.com"]},{"role":"roles/run.serviceAgent","members":["serviceAccount:service-836834025842@serverless-robot-prod.iam.gserviceaccount.com"]},{"role":"roles/run.invoker","members":["serviceAccount:836834025842-compute@developer.gserviceaccount.com"]},{"role":"roles/eventarc.eventReceiver","members":["serviceAccount:836834025842-compute@developer.gserviceaccount.com"]}]},"updateMask":"bindings"}
[debug] [2026-07-06T12:56:01.895Z] <<< [apiv2][status] POST https://cloudresourcemanager.googleapis.com/v1/projects/836834025842:setIamPolicy 200
[debug] [2026-07-06T12:56:01.895Z] <<< [apiv2][body] POST https://cloudresourcemanager.googleapis.com/v1/projects/836834025842:setIamPolicy {"version":1,"etag":"BwZV8MvmVo4=","bindings":[{"role":"roles/cloudbuild.builds.builder","members":["serviceAccount:836834025842@cloudbuild.gserviceaccount.com"]},{"role":"roles/cloudbuild.serviceAgent","members":["serviceAccount:service-836834025842@gcp-sa-cloudbuild.iam.gserviceaccount.com"]},{"role":"roles/cloudfunctions.serviceAgent","members":["serviceAccount:service-836834025842@gcf-admin-robot.iam.gserviceaccount.com"]},{"role":"roles/containerregistry.ServiceAgent","members":["serviceAccount:service-836834025842@containerregistry.iam.gserviceaccount.com"]},{"role":"roles/editor","members":["serviceAccount:836834025842-compute@developer.gserviceaccount.com","serviceAccount:wemall-9e8b0@appspot.gserviceaccount.com"]},{"role":"roles/eventarc.eventReceiver","members":["serviceAccount:836834025842-compute@developer.gserviceaccount.com"]},{"role":"roles/firebase.managementServiceAgent","members":["serviceAccount:service-836834025842@gcp-sa-firebase.iam.gserviceaccount.com"]},{"role":"roles/firebase.sdkAdminServiceAgent","members":["serviceAccount:firebase-adminsdk-fbsvc@wemall-9e8b0.iam.gserviceaccount.com"]},{"role":"roles/firebaseauth.admin","members":["serviceAccount:firebase-adminsdk-fbsvc@wemall-9e8b0.iam.gserviceaccount.com"]},{"role":"roles/firebasedatabase.admin","members":["serviceAccount:firebase-adminsdk-fbsvc@wemall-9e8b0.iam.gserviceaccount.com"]},{"role":"roles/firebaserules.system","members":["serviceAccount:service-836834025842@firebase-rules.iam.gserviceaccount.com"]},{"role":"roles/firestore.serviceAgent","members":["serviceAccount:service-836834025842@gcp-sa-firestore.iam.gserviceaccount.com"]},{"role":"roles/iam.serviceAccountTokenCreator","members":["serviceAccount:firebase-adminsdk-fbsvc@wemall-9e8b0.iam.gserviceaccount.com","serviceAccount:service-836834025842@gcp-sa-pubsub.iam.gserviceaccount.com"]},{"role":"roles/owner","members":["user:horizondev19@gmail.com"]},{"role":"roles/run.invoker","members":["serviceAccount:836834025842-compute@developer.gserviceaccount.com"]},{"role":"roles/run.serviceAgent","members":["serviceAccount:service-836834025842@serverless-robot-prod.iam.gserviceaccount.com"]}]}
[debug] [2026-07-06T12:56:01.896Z] Checked if tokens are valid: true, expires at: 1783345962536
[debug] [2026-07-06T12:56:01.896Z] Checked if tokens are valid: true, expires at: 1783345962536
[debug] [2026-07-06T12:56:01.897Z] >>> [apiv2][query] GET https://cloudresourcemanager.googleapis.com/v1/projects/wemall-9e8b0 [none]
[debug] [2026-07-06T12:56:03.198Z] <<< [apiv2][status] GET https://cloudresourcemanager.googleapis.com/v1/projects/wemall-9e8b0 200
[debug] [2026-07-06T12:56:03.199Z] <<< [apiv2][body] GET https://cloudresourcemanager.googleapis.com/v1/projects/wemall-9e8b0 {"projectNumber":"836834025842","projectId":"wemall-9e8b0","lifecycleState":"ACTIVE","name":"wemall","labels":{"firebase":"enabled","firebase-core":"disabled"},"createTime":"2026-06-04T15:40:58.598Z"}
[debug] [2026-07-06T12:56:03.199Z] Checked if tokens are valid: true, expires at: 1783345962536
[debug] [2026-07-06T12:56:03.199Z] Checked if tokens are valid: true, expires at: 1783345962536
[debug] [2026-07-06T12:56:03.199Z] >>> [apiv2][query] GET https://compute.googleapis.com/compute/v1/projects/836834025842 [none]
[debug] [2026-07-06T12:56:06.719Z] <<< [apiv2][status] GET https://compute.googleapis.com/compute/v1/projects/836834025842 403
[debug] [2026-07-06T12:56:06.720Z] <<< [apiv2][body] GET https://compute.googleapis.com/compute/v1/projects/836834025842 {"error":{"code":403,"message":"Compute Engine API has not been used in project 836834025842 before or it is disabled. Enable it by visiting https://console.developers.google.com/apis/api/compute.googleapis.com/overview?project=836834025842 then retry. If you enabled this API recently, wait a few minutes for the action to propagate to our systems and retry.","errors":[{"message":"Compute Engine API has not been used in project 836834025842 before or it is disabled. Enable it by visiting https://console.developers.google.com/apis/api/compute.googleapis.com/overview?project=836834025842 then retry. If you enabled this API recently, wait a few minutes for the action to propagate to our systems and retry.","domain":"usageLimits","reason":"accessNotConfigured","extendedHelp":"https://console.developers.google.com"}],"status":"PERMISSION_DENIED","details":[{"@type":"type.googleapis.com/google.rpc.ErrorInfo","reason":"SERVICE_DISABLED","domain":"googleapis.com","metadata":{"activationUrl":"https://console.developers.google.com/apis/api/compute.googleapis.com/overview?project=836834025842","service":"compute.googleapis.com","serviceTitle":"Compute Engine API","consumer":"projects/836834025842","containerInfo":"836834025842"}},{"@type":"type.googleapis.com/google.rpc.LocalizedMessage","locale":"en-US","message":"Compute Engine API has not been used in project 836834025842 before or it is disabled. Enable it by visiting https://console.developers.google.com/apis/api/compute.googleapis.com/overview?project=836834025842 then retry. If you enabled this API recently, wait a few minutes for the action to propagate to our systems and retry."},{"@type":"type.googleapis.com/google.rpc.Help","links":[{"description":"Google developers console API activation","url":"https://console.developers.google.com/apis/api/compute.googleapis.com/overview?project=836834025842"}]}]}}
[debug] [2026-07-06T12:56:06.720Z] unable to look up default compute service account. Falling back to 836834025842-compute@developer.gserviceaccount.com. Error: {"name":"FirebaseError","children":[],"context":{"body":{"error":{"code":403,"message":"Compute Engine API has not been used in project 836834025842 before or it is disabled. Enable it by visiting https://console.developers.google.com/apis/api/compute.googleapis.com/overview?project=836834025842 then retry. If you enabled this API recently, wait a few minutes for the action to propagate to our systems and retry.","errors":[{"message":"Compute Engine API has not been used in project 836834025842 before or it is disabled. Enable it by visiting https://console.developers.google.com/apis/api/compute.googleapis.com/overview?project=836834025842 then retry. If you enabled this API recently, wait a few minutes for the action to propagate to our systems and retry.","domain":"usageLimits","reason":"accessNotConfigured","extendedHelp":"https://console.developers.google.com"}],"status":"PERMISSION_DENIED","details":[{"@type":"type.googleapis.com/google.rpc.ErrorInfo","reason":"SERVICE_DISABLED","domain":"googleapis.com","metadata":{"activationUrl":"https://console.developers.google.com/apis/api/compute.googleapis.com/overview?project=836834025842","service":"compute.googleapis.com","serviceTitle":"Compute Engine API","consumer":"projects/836834025842","containerInfo":"836834025842"}},{"@type":"type.googleapis.com/google.rpc.LocalizedMessage","locale":"en-US","message":"Compute Engine API has not been used in project 836834025842 before or it is disabled. Enable it by visiting https://console.developers.google.com/apis/api/compute.googleapis.com/overview?project=836834025842 then retry. If you enabled this API recently, wait a few minutes for the action to propagate to our systems and retry."},{"@type":"type.googleapis.com/google.rpc.Help","links":[{"description":"Google developers console API activation","url":"https://console.developers.google.com/apis/api/compute.googleapis.com/overview?project=836834025842"}]}]}},"response":{"statusCode":403}},"exit":1,"message":"Request to https://compute.googleapis.com/compute/v1/projects/836834025842 had HTTP Error: 403, Compute Engine API has not been used in project 836834025842 before or it is disabled. Enable it by visiting https://console.developers.google.com/apis/api/compute.googleapis.com/overview?project=836834025842 then retry. If you enabled this API recently, wait a few minutes for the action to propagate to our systems and retry.","status":403}
[debug] [2026-07-06T12:56:06.722Z] Checked if tokens are valid: true, expires at: 1783345962536
[debug] [2026-07-06T12:56:06.722Z] Checked if tokens are valid: true, expires at: 1783345962536
[debug] [2026-07-06T12:56:06.722Z] >>> [apiv2][query] POST https://cloudfunctions.googleapis.com/v2/projects/wemall-9e8b0/locations/africa-south1/functions:generateUploadUrl [none]
[debug] [2026-07-06T12:56:11.483Z] <<< [apiv2][status] POST https://cloudfunctions.googleapis.com/v2/projects/wemall-9e8b0/locations/africa-south1/functions:generateUploadUrl 200
[debug] [2026-07-06T12:56:11.483Z] <<< [apiv2][body] POST https://cloudfunctions.googleapis.com/v2/projects/wemall-9e8b0/locations/africa-south1/functions:generateUploadUrl {"uploadUrl":"https://storage.googleapis.com/gcf-v2-uploads-836834025842.africa-south1.cloudfunctions.appspot.com/af1e48cc-61bb-4335-b72d-73d0be43bbb7.zip?GoogleAccessId=service-836834025842@gcf-admin-robot.iam.gserviceaccount.com&Expires=1783344371&Signature=lf2e4cTsbLNEvq0MtaBdyrBrfK2fZDEwyrWjtXxK0tctV3OE7MssNM%2BpVnSkcjMs0iTB5rcLPICRo35zEoqGxvIUBC7bYY6OMlXxJXgem0HYFoZ5IVaOaACQ%2B8qi%2BKH2aOQQLzTmDCRatwGKLuaBfAbi7ZO5RbtNkKaPyjRIQ0z6%2BM2krqSYos0pkLo2hgDXHw7Pe7%2BaqPGAUMukef1lAQ460NEZNMdSFue%2B%2FeV0cI0r52S45fydVtxH4AT1X21q%2B9sYvGyG6jnMHaKMX6SQzhOe3LKKhQGmiXdbt3PA6O9jyjkB8m7I9rObo0n5suXsNoxRwQ%2FReXVGb0U6l2MQsg%3D%3D","storageSource":{"bucket":"gcf-v2-uploads-836834025842.africa-south1.cloudfunctions.appspot.com","object":"af1e48cc-61bb-4335-b72d-73d0be43bbb7.zip"}}
[debug] [2026-07-06T12:56:11.484Z] >>> [apiv2][query] PUT https://storage.googleapis.com/gcf-v2-uploads-836834025842.africa-south1.cloudfunctions.appspot.com/af1e48cc-61bb-4335-b72d-73d0be43bbb7.zip GoogleAccessId=service-836834025842%40gcf-admin-robot.iam.gserviceaccount.com&Expires=1783344371&Signature=lf2e4cTsbLNEvq0MtaBdyrBrfK2fZDEwyrWjtXxK0tctV3OE7MssNM%2BpVnSkcjMs0iTB5rcLPICRo35zEoqGxvIUBC7bYY6OMlXxJXgem0HYFoZ5IVaOaACQ%2B8qi%2BKH2aOQQLzTmDCRatwGKLuaBfAbi7ZO5RbtNkKaPyjRIQ0z6%2BM2krqSYos0pkLo2hgDXHw7Pe7%2BaqPGAUMukef1lAQ460NEZNMdSFue%2B%2FeV0cI0r52S45fydVtxH4AT1X21q%2B9sYvGyG6jnMHaKMX6SQzhOe3LKKhQGmiXdbt3PA6O9jyjkB8m7I9rObo0n5suXsNoxRwQ%2FReXVGb0U6l2MQsg%3D%3D
[debug] [2026-07-06T12:56:11.484Z] >>> [apiv2][body] PUT https://storage.googleapis.com/gcf-v2-uploads-836834025842.africa-south1.cloudfunctions.appspot.com/af1e48cc-61bb-4335-b72d-73d0be43bbb7.zip [stream]
[debug] [2026-07-06T12:56:12.810Z] <<< [apiv2][status] PUT https://storage.googleapis.com/gcf-v2-uploads-836834025842.africa-south1.cloudfunctions.appspot.com/af1e48cc-61bb-4335-b72d-73d0be43bbb7.zip 200
[debug] [2026-07-06T12:56:12.810Z] <<< [apiv2][body] PUT https://storage.googleapis.com/gcf-v2-uploads-836834025842.africa-south1.cloudfunctions.appspot.com/af1e48cc-61bb-4335-b72d-73d0be43bbb7.zip [omitted]
[info] ✔  functions: . source uploaded successfully 
[info] i  functions: creating Node.js 22 (2nd Gen) function onMessageCreated(africa-south1)... 
[debug] [2026-07-06T12:56:12.815Z] Checked if tokens are valid: true, expires at: 1783345962536
[debug] [2026-07-06T12:56:12.815Z] Checked if tokens are valid: true, expires at: 1783345962536
[debug] [2026-07-06T12:56:12.816Z] >>> [apiv2][query] POST https://cloudfunctions.googleapis.com/v2/projects/wemall-9e8b0/locations/africa-south1/functions functionId=onMessageCreated
[debug] [2026-07-06T12:56:12.816Z] >>> [apiv2][body] POST https://cloudfunctions.googleapis.com/v2/projects/wemall-9e8b0/locations/africa-south1/functions {"name":"projects/wemall-9e8b0/locations/africa-south1/functions/onMessageCreated","buildConfig":{"runtime":"nodejs22","entryPoint":"onMessageCreated","source":{"storageSource":{"bucket":"gcf-v2-uploads-836834025842.africa-south1.cloudfunctions.appspot.com","object":"af1e48cc-61bb-4335-b72d-73d0be43bbb7.zip"}},"environmentVariables":{"GOOGLE_NODE_RUN_SCRIPTS":""}},"serviceConfig":{"environmentVariables":{"FIREBASE_CONFIG":"{\"projectId\":\"wemall-9e8b0\",\"databaseURL\":\"https://wemall-9e8b0-default-rtdb.firebaseio.com\",\"storageBucket\":\"wemall-9e8b0.firebasestorage.app\"}","GCLOUD_PROJECT":"wemall-9e8b0","EVENTARC_CLOUD_EVENT_SOURCE":"projects/wemall-9e8b0/locations/africa-south1/services/onMessageCreated","FUNCTION_SIGNATURE_TYPE":"cloudevent","FUNCTION_TARGET":"onMessageCreated","LOG_EXECUTION_ID":"true"},"ingressSettings":null,"timeoutSeconds":null,"serviceAccountEmail":null,"availableMemory":"256Mi","minInstanceCount":null,"maxInstanceCount":null,"maxInstanceRequestConcurrency":80,"availableCpu":"1","vpcConnector":null,"vpcConnectorEgressSettings":null,"directVpcNetworkInterface":null,"directVpcEgress":null},"labels":{"deployment-tool":"cli-firebase","firebase-functions-hash":"fde3817036d072e8225a0b9984d5380210279b6d"},"eventTrigger":{"eventType":"google.cloud.firestore.document.v1.created","retryPolicy":"RETRY_POLICY_DO_NOT_RETRY","eventFilters":[{"attribute":"database","value":"(default)"},{"attribute":"namespace","value":"(default)"},{"attribute":"document","value":"threads/{threadId}/messages/{messageId}","operator":"match-path-pattern"}],"triggerRegion":"africa-south1"}}
[debug] [2026-07-06T12:56:31.643Z] <<< [apiv2][status] POST https://cloudfunctions.googleapis.com/v2/projects/wemall-9e8b0/locations/africa-south1/functions 400
[debug] [2026-07-06T12:56:31.643Z] <<< [apiv2][body] POST https://cloudfunctions.googleapis.com/v2/projects/wemall-9e8b0/locations/africa-south1/functions {"error":{"code":400,"message":"Validation failed for trigger projects/wemall-9e8b0/locations/africa-south1/triggers/onmessagecreated-882837: Invalid resource state for \"\": Permission denied while using the Eventarc Service Agent. If you recently started to use Eventarc, it may take a few minutes before all necessary permissions are propagated to the Service Agent. Otherwise, verify that it has Eventarc Service Agent role.","status":"FAILED_PRECONDITION"}}
[warn] ⚠  functions: Request to https://cloudfunctions.googleapis.com/v2/projects/wemall-9e8b0/locations/africa-south1/functions?functionId=onMessageCreated had HTTP Error: 400, Validation failed for trigger projects/wemall-9e8b0/locations/africa-south1/triggers/onmessagecreated-882837: Invalid resource state for "": Permission denied while using the Eventarc Service Agent. If you recently started to use Eventarc, it may take a few minutes before all necessary permissions are propagated to the Service Agent. Otherwise, verify that it has Eventarc Service Agent role. 
[warn] ⚠  functions: Since this is your first time using 2nd gen functions, we need a little bit longer to finish setting everything up. Retry the deployment in a few minutes. 
[warn] ⚠  functions:  failed to create function projects/wemall-9e8b0/locations/africa-south1/functions/onMessageCreated 
[error] Failed to create function projects/wemall-9e8b0/locations/africa-south1/functions/onMessageCreated
[warn] ⚠  functions: Deploys failed. Skipping deletes. 
[debug] [2026-07-06T12:56:31.648Z] Total Function Deployment time: 18832
[debug] [2026-07-06T12:56:31.648Z] 1 Functions Deployed
[debug] [2026-07-06T12:56:31.648Z] 1 Functions Errored
[debug] [2026-07-06T12:56:31.648Z] 0 Function Deployments Aborted
[debug] [2026-07-06T12:56:31.648Z] Average Function Deployment time: 18831
[info] 
[info] Functions deploy had errors with the following functions:
	onMessageCreated(africa-south1)
[debug] [2026-07-06T12:56:32.201Z] No lifecycle hook configured for event: afterInstall
[debug] [2026-07-06T12:56:32.202Z] Checked if tokens are valid: true, expires at: 1783345962536
[debug] [2026-07-06T12:56:32.202Z] Checked if tokens are valid: true, expires at: 1783345962536
[debug] [2026-07-06T12:56:32.202Z] >>> [apiv2][query] GET https://artifactregistry.googleapis.com/v1/projects/wemall-9e8b0/locations/africa-south1/repositories/gcf-artifacts [none]
[debug] [2026-07-06T12:56:34.503Z] <<< [apiv2][status] GET https://artifactregistry.googleapis.com/v1/projects/wemall-9e8b0/locations/africa-south1/repositories/gcf-artifacts 404
[debug] [2026-07-06T12:56:34.503Z] <<< [apiv2][body] GET https://artifactregistry.googleapis.com/v1/projects/wemall-9e8b0/locations/africa-south1/repositories/gcf-artifacts {"error":{"code":404,"message":"Requested entity was not found.","status":"NOT_FOUND"}}
[debug] [2026-07-06T12:56:34.503Z] Failed to check artifact cleanup policy for region africa-south1: Request to https://artifactregistry.googleapis.com/v1/projects/wemall-9e8b0/locations/africa-south1/repositories/gcf-artifacts had HTTP Error: 404, Requested entity was not found. {"name":"FirebaseError","children":[],"context":{"body":{"error":{"code":404,"message":"Requested entity was not found.","status":"NOT_FOUND"}},"response":{"statusCode":404}},"exit":1,"message":"Request to https://artifactregistry.googleapis.com/v1/projects/wemall-9e8b0/locations/africa-south1/repositories/gcf-artifacts had HTTP Error: 404, Requested entity was not found.","status":404}
[debug] [2026-07-06T12:56:34.503Z] Functions deploy failed.
[debug] [2026-07-06T12:56:34.504Z] {
  "endpoint": {
    "id": "onMessageCreated",
    "project": "wemall-9e8b0",
    "region": "africa-south1",
    "entryPoint": "onMessageCreated",
    "platform": "gcfv2",
    "runtime": "nodejs22",
    "eventTrigger": {
      "eventType": "google.cloud.firestore.document.v1.created",
      "retry": false,
      "eventFilters": {
        "database": "(default)",
        "namespace": "(default)"
      },
      "eventFilterPathPatterns": {
        "document": "threads/{threadId}/messages/{messageId}"
      },
      "region": "africa-south1"
    },
    "labels": {
      "deployment-tool": "cli-firebase"
    },
    "serviceAccount": null,
    "ingressSettings": null,
    "availableMemoryMb": null,
    "timeoutSeconds": null,
    "maxInstances": null,
    "minInstances": null,
    "concurrency": 80,
    "vpc": null,
    "environmentVariables": {
      "FIREBASE_CONFIG": "{\"projectId\":\"wemall-9e8b0\",\"databaseURL\":\"https://wemall-9e8b0-default-rtdb.firebaseio.com\",\"storageBucket\":\"wemall-9e8b0.firebasestorage.app\"}",
      "GCLOUD_PROJECT": "wemall-9e8b0",
      "EVENTARC_CLOUD_EVENT_SOURCE": "projects/wemall-9e8b0/locations/africa-south1/services/onMessageCreated"
    },
    "codebase": "default",
    "cpu": 1,
    "targetedByOnly": false,
    "hash": "fde3817036d072e8225a0b9984d5380210279b6d"
  },
  "op": "create",
  "original": {
    "name": "FirebaseError",
    "children": [],
    "context": {
      "function": "projects/wemall-9e8b0/locations/africa-south1/functions/onMessageCreated"
    },
    "exit": 1,
    "message": "Failed to create function projects/wemall-9e8b0/locations/africa-south1/functions/onMessageCreated",
    "original": {
      "name": "FirebaseError",
      "children": [],
      "context": {
        "body": {
          "error": {
            "code": 400,
            "message": "Validation failed for trigger projects/wemall-9e8b0/locations/africa-south1/triggers/onmessagecreated-882837: Invalid resource state for \"\": Permission denied while using the Eventarc Service Agent. If you recently started to use Eventarc, it may take a few minutes before all necessary permissions are propagated to the Service Agent. Otherwise, verify that it has Eventarc Service Agent role.",
            "status": "FAILED_PRECONDITION"
          }
        },
        "response": {
          "statusCode": 400
        }
      },
      "exit": 1,
      "message": "Request to https://cloudfunctions.googleapis.com/v2/projects/wemall-9e8b0/locations/africa-south1/functions?functionId=onMessageCreated had HTTP Error: 400, Validation failed for trigger projects/wemall-9e8b0/locations/africa-south1/triggers/onmessagecreated-882837: Invalid resource state for \"\": Permission denied while using the Eventarc Service Agent. If you recently started to use Eventarc, it may take a few minutes before all necessary permissions are propagated to the Service Agent. Otherwise, verify that it has Eventarc Service Agent role.",
      "status": 400
    },
    "status": 400,
    "code": 400
  }
}
[debug] [2026-07-06T12:56:34.741Z] Error: Failed to create function onMessageCreated in region africa-south1
    at /Users/mac/.npm/_npx/ba4f1959e38407b5/node_modules/firebase-tools/lib/deploy/functions/release/fabricator.js:332:27
    at process.processTicksAndRejections (node:internal/process/task_queues:103:5)
    at async Fabricator.createV2Function (/Users/mac/.npm/_npx/ba4f1959e38407b5/node_modules/firebase-tools/lib/deploy/functions/release/fabricator.js:311:30)
    at async Fabricator.createEndpoint (/Users/mac/.npm/_npx/ba4f1959e38407b5/node_modules/firebase-tools/lib/deploy/functions/release/fabricator.js:153:13)
    at async Fabricator.wrapOperation (/Users/mac/.npm/_npx/ba4f1959e38407b5/node_modules/firebase-tools/lib/deploy/functions/release/fabricator.js:138:13)
    at async Promise.all (index 0)
    at async Promise.allSettled (index 0)
    at async Fabricator.applyPlan (/Users/mac/.npm/_npx/ba4f1959e38407b5/node_modules/firebase-tools/lib/deploy/functions/release/fabricator.js:77:45)
    at async release (/Users/mac/.npm/_npx/ba4f1959e38407b5/node_modules/firebase-tools/lib/deploy/functions/release/index.js:87:21)
    at async chain (/Users/mac/.npm/_npx/ba4f1959e38407b5/node_modules/firebase-tools/lib/deploy/index.js:45:9)
[error] 
[error] Error: There was an error deploying functions
[debug] [2026-07-06T12:57:46.187Z] ----------------------------------------------------------------------
[debug] [2026-07-06T12:57:46.189Z] Command:       /Users/mac/.hermes/node/bin/node /Users/mac/.npm/_npx/ba4f1959e38407b5/node_modules/.bin/firebase deploy --only functions --project wemall-9e8b0
[debug] [2026-07-06T12:57:46.189Z] CLI Version:   15.22.4
[debug] [2026-07-06T12:57:46.189Z] Platform:      darwin
[debug] [2026-07-06T12:57:46.189Z] Node Version:  v22.22.3
[debug] [2026-07-06T12:57:46.189Z] Detected Agent: antigravity
[debug] [2026-07-06T12:57:46.189Z] Time:          Mon Jul 06 2026 14:57:46 GMT+0200 (Central Africa Time)
[debug] [2026-07-06T12:57:46.189Z] ----------------------------------------------------------------------
[debug] 
[debug] [2026-07-06T12:57:46.978Z] > command requires scopes: ["email","openid","https://www.googleapis.com/auth/cloudplatformprojects.readonly","https://www.googleapis.com/auth/firebase","https://www.googleapis.com/auth/cloud-platform"]
[debug] [2026-07-06T12:57:46.979Z] > authorizing via signed-in user (horizondev19@gmail.com)
[debug] [2026-07-06T12:57:46.979Z] [iam] checking project wemall-9e8b0 for permissions ["cloudfunctions.functions.create","cloudfunctions.functions.delete","cloudfunctions.functions.get","cloudfunctions.functions.list","cloudfunctions.functions.update","cloudfunctions.operations.get","firebase.projects.get"]
[debug] [2026-07-06T12:57:46.979Z] Checked if tokens are valid: true, expires at: 1783345962536
[debug] [2026-07-06T12:57:46.979Z] Checked if tokens are valid: true, expires at: 1783345962536
[debug] [2026-07-06T12:57:46.980Z] >>> [apiv2][query] POST https://cloudresourcemanager.googleapis.com/v1/projects/wemall-9e8b0:testIamPermissions [none]
[debug] [2026-07-06T12:57:46.980Z] >>> [apiv2][(partial)header] POST https://cloudresourcemanager.googleapis.com/v1/projects/wemall-9e8b0:testIamPermissions  x-goog-user-project=wemall-9e8b0
[debug] [2026-07-06T12:57:46.980Z] >>> [apiv2][body] POST https://cloudresourcemanager.googleapis.com/v1/projects/wemall-9e8b0:testIamPermissions {"permissions":["cloudfunctions.functions.create","cloudfunctions.functions.delete","cloudfunctions.functions.get","cloudfunctions.functions.list","cloudfunctions.functions.update","cloudfunctions.operations.get","firebase.projects.get"]}
[debug] [2026-07-06T12:57:47.714Z] <<< [apiv2][status] POST https://cloudresourcemanager.googleapis.com/v1/projects/wemall-9e8b0:testIamPermissions 200
[debug] [2026-07-06T12:57:47.714Z] <<< [apiv2][body] POST https://cloudresourcemanager.googleapis.com/v1/projects/wemall-9e8b0:testIamPermissions {"permissions":["cloudfunctions.functions.create","cloudfunctions.functions.delete","cloudfunctions.functions.get","cloudfunctions.functions.list","cloudfunctions.functions.update","cloudfunctions.operations.get","firebase.projects.get"]}
[debug] [2026-07-06T12:57:47.714Z] Checked if tokens are valid: true, expires at: 1783345962536
[debug] [2026-07-06T12:57:47.714Z] Checked if tokens are valid: true, expires at: 1783345962536
[debug] [2026-07-06T12:57:47.714Z] >>> [apiv2][query] POST https://iam.googleapis.com/v1/projects/wemall-9e8b0/serviceAccounts/wemall-9e8b0@appspot.gserviceaccount.com:testIamPermissions [none]
[debug] [2026-07-06T12:57:47.714Z] >>> [apiv2][body] POST https://iam.googleapis.com/v1/projects/wemall-9e8b0/serviceAccounts/wemall-9e8b0@appspot.gserviceaccount.com:testIamPermissions {"permissions":["iam.serviceAccounts.actAs"]}
[debug] [2026-07-06T12:57:49.663Z] <<< [apiv2][status] POST https://iam.googleapis.com/v1/projects/wemall-9e8b0/serviceAccounts/wemall-9e8b0@appspot.gserviceaccount.com:testIamPermissions 200
[debug] [2026-07-06T12:57:49.663Z] <<< [apiv2][body] POST https://iam.googleapis.com/v1/projects/wemall-9e8b0/serviceAccounts/wemall-9e8b0@appspot.gserviceaccount.com:testIamPermissions {"permissions":["iam.serviceAccounts.actAs"]}
[info] 
[info] === Deploying to 'wemall-9e8b0'...
[info] 
[info] i  deploying functions 
[debug] [2026-07-06T12:57:49.667Z] Checked if tokens are valid: true, expires at: 1783345962536
[debug] [2026-07-06T12:57:49.667Z] Checked if tokens are valid: true, expires at: 1783345962536
[debug] [2026-07-06T12:57:49.668Z] >>> [apiv2][query] GET https://cloudresourcemanager.googleapis.com/v1/projects/wemall-9e8b0 [none]
[debug] [2026-07-06T12:57:50.082Z] <<< [apiv2][status] GET https://cloudresourcemanager.googleapis.com/v1/projects/wemall-9e8b0 200
[debug] [2026-07-06T12:57:50.082Z] <<< [apiv2][body] GET https://cloudresourcemanager.googleapis.com/v1/projects/wemall-9e8b0 {"projectNumber":"836834025842","projectId":"wemall-9e8b0","lifecycleState":"ACTIVE","name":"wemall","labels":{"firebase":"enabled","firebase-core":"disabled"},"createTime":"2026-06-04T15:40:58.598Z"}
[info] i  functions: preparing codebase default for deployment 
[info] i  functions: ensuring required API cloudfunctions.googleapis.com is enabled... 
[info] i  functions: ensuring required API cloudbuild.googleapis.com is enabled... 
[info] i  artifactregistry: ensuring required API artifactregistry.googleapis.com is enabled... 
[debug] [2026-07-06T12:57:50.085Z] Checked if tokens are valid: true, expires at: 1783345962536
[debug] [2026-07-06T12:57:50.085Z] Checked if tokens are valid: true, expires at: 1783345962536
[debug] [2026-07-06T12:57:50.085Z] >>> [apiv2][query] GET https://firebase.googleapis.com/v1beta1/projects/wemall-9e8b0/adminSdkConfig [none]
[debug] [2026-07-06T12:57:51.106Z] <<< [apiv2][status] GET https://firebase.googleapis.com/v1beta1/projects/wemall-9e8b0/adminSdkConfig 200
[debug] [2026-07-06T12:57:51.106Z] <<< [apiv2][body] GET https://firebase.googleapis.com/v1beta1/projects/wemall-9e8b0/adminSdkConfig {"projectId":"wemall-9e8b0","databaseURL":"https://wemall-9e8b0-default-rtdb.firebaseio.com","storageBucket":"wemall-9e8b0.firebasestorage.app"}
[debug] [2026-07-06T12:57:51.107Z] Checked if tokens are valid: true, expires at: 1783345962536
[debug] [2026-07-06T12:57:51.107Z] Checked if tokens are valid: true, expires at: 1783345962536
[debug] [2026-07-06T12:57:51.107Z] >>> [apiv2][query] GET https://runtimeconfig.googleapis.com/v1beta1/projects/wemall-9e8b0/configs [none]
[debug] [2026-07-06T12:57:52.387Z] <<< [apiv2][status] GET https://runtimeconfig.googleapis.com/v1beta1/projects/wemall-9e8b0/configs 200
[debug] [2026-07-06T12:57:52.388Z] <<< [apiv2][body] GET https://runtimeconfig.googleapis.com/v1beta1/projects/wemall-9e8b0/configs {}
[debug] [2026-07-06T12:57:52.389Z] Validating nodejs source
[warn] ⚠  functions: package.json indicates an outdated version of firebase-functions. Please upgrade using npm install --save firebase-functions@latest in your functions directory. 
[warn] ⚠  functions: Please note that there will be breaking changes when you upgrade. 
[debug] [2026-07-06T12:57:53.314Z] > [functions] package.json contents: {
  "name": "functions",
  "description": "Cloud Functions for Firebase",
  "scripts": {
    "serve": "firebase emulators:start --only functions",
    "shell": "firebase functions:shell",
    "start": "firebase functions:shell",
    "deploy": "firebase deploy --only functions"
  },
  "engines": {
    "node": "22"
  },
  "main": "index.js",
  "dependencies": {
    "firebase-admin": "^11.8.0",
    "firebase-functions": "^4.3.1"
  },
  "private": true
}
[debug] [2026-07-06T12:57:53.314Z] Building nodejs source
[info] i  functions: Loading and analyzing source code for codebase default to determine what to deploy 
[info] i  functions: You are using a version of firebase-functions SDK (4.9.0) that does not have support for the newest Firebase Extensions features. Please update firebase-functions SDK to >=5.1.0 to use them correctly 
[debug] [2026-07-06T12:57:53.315Z] Could not find functions.yaml. Must use http discovery
[debug] [2026-07-06T12:57:53.320Z] Found firebase-functions binary at '/Volumes/Untitled/WeMall/services/firebase-functions/node_modules/.bin/firebase-functions'
[info] Serving at port 8153

[debug] [2026-07-06T12:58:01.446Z] Got response from /__/functions.yaml {"endpoints":{"onMessageCreated":{"availableMemoryMb":null,"timeoutSeconds":null,"minInstances":null,"maxInstances":null,"ingressSettings":null,"concurrency":null,"serviceAccountEmail":null,"vpc":null,"platform":"gcfv2","labels":{},"eventTrigger":{"eventType":"google.cloud.firestore.document.v1.created","eventFilters":{"database":"(default)","namespace":"(default)"},"eventFilterPathPatterns":{"document":"threads/{threadId}/messages/{messageId}"},"retry":false},"entryPoint":"onMessageCreated"}},"specVersion":"v1alpha1","requiredAPIs":[]}
[debug] [2026-07-06T12:58:05.457Z] Checked if tokens are valid: true, expires at: 1783345962536
[debug] [2026-07-06T12:58:05.458Z] Checked if tokens are valid: true, expires at: 1783345962536
[debug] [2026-07-06T12:58:05.458Z] >>> [apiv2][query] GET https://cloudfunctions.googleapis.com/v1/projects/wemall-9e8b0/locations/-/functions [none]
[debug] [2026-07-06T12:58:06.671Z] <<< [apiv2][status] GET https://cloudfunctions.googleapis.com/v1/projects/wemall-9e8b0/locations/-/functions 200
[debug] [2026-07-06T12:58:06.671Z] <<< [apiv2][body] GET https://cloudfunctions.googleapis.com/v1/projects/wemall-9e8b0/locations/-/functions {}
[debug] [2026-07-06T12:58:06.671Z] Checked if tokens are valid: true, expires at: 1783345962536
[debug] [2026-07-06T12:58:06.671Z] Checked if tokens are valid: true, expires at: 1783345962536
[debug] [2026-07-06T12:58:06.672Z] >>> [apiv2][query] GET https://cloudfunctions.googleapis.com/v2/projects/wemall-9e8b0/locations/-/functions filter=environment%3D%22GEN_2%22
[debug] [2026-07-06T12:58:07.898Z] <<< [apiv2][status] GET https://cloudfunctions.googleapis.com/v2/projects/wemall-9e8b0/locations/-/functions 200
[debug] [2026-07-06T12:58:07.898Z] <<< [apiv2][body] GET https://cloudfunctions.googleapis.com/v2/projects/wemall-9e8b0/locations/-/functions {}
[debug] [2026-07-06T12:58:07.900Z] Checked if tokens are valid: true, expires at: 1783345962536
[debug] [2026-07-06T12:58:07.900Z] Checked if tokens are valid: true, expires at: 1783345962536
[debug] [2026-07-06T12:58:07.901Z] >>> [apiv2][query] GET https://firestore.googleapis.com/v1/projects/wemall-9e8b0/databases/(default) [none]
[debug] [2026-07-06T12:58:08.667Z] <<< [apiv2][status] GET https://firestore.googleapis.com/v1/projects/wemall-9e8b0/databases/(default) 200
[debug] [2026-07-06T12:58:08.667Z] <<< [apiv2][body] GET https://firestore.googleapis.com/v1/projects/wemall-9e8b0/databases/(default) {"name":"projects/wemall-9e8b0/databases/(default)","uid":"bd3fca8e-cd7d-4f02-8d0d-04efe7b8f9ee","createTime":"2026-07-05T14:04:58.529338Z","updateTime":"2026-07-05T14:04:58.529338Z","locationId":"africa-south1","type":"FIRESTORE_NATIVE","concurrencyMode":"PESSIMISTIC","versionRetentionPeriod":"3600s","earliestVersionTime":"2026-07-06T11:58:09.042619Z","appEngineIntegrationMode":"DISABLED","pointInTimeRecoveryEnablement":"POINT_IN_TIME_RECOVERY_DISABLED","deleteProtectionState":"DELETE_PROTECTION_DISABLED","databaseEdition":"STANDARD","freeTier":true,"realtimeUpdatesMode":"REALTIME_UPDATES_MODE_ENABLED","etag":"ILT++JuNvpUDMOrin+/bu5UD"}
[info] i  functions: preparing . directory for uploading... 
[info] i  functions: packaged /Volumes/Untitled/WeMall/services/firebase-functions (38.95 KB) for uploading 
[info] i  functions: ensuring required API run.googleapis.com is enabled... 
[info] i  functions: ensuring required API eventarc.googleapis.com is enabled... 
[info] i  functions: ensuring required API pubsub.googleapis.com is enabled... 
[info] i  functions: ensuring required API storage.googleapis.com is enabled... 
[info] i  functions: generating the service identity for pubsub.googleapis.com... 
[debug] [2026-07-06T12:58:09.243Z] Checked if tokens are valid: true, expires at: 1783345962536
[debug] [2026-07-06T12:58:09.243Z] Checked if tokens are valid: true, expires at: 1783345962536
[info] i  functions: generating the service identity for eventarc.googleapis.com... 
[debug] [2026-07-06T12:58:09.243Z] Checked if tokens are valid: true, expires at: 1783345962536
[debug] [2026-07-06T12:58:09.243Z] Checked if tokens are valid: true, expires at: 1783345962536
[debug] [2026-07-06T12:58:09.243Z] >>> [apiv2][query] POST https://serviceusage.googleapis.com/v1beta1/projects/836834025842/services/pubsub.googleapis.com:generateServiceIdentity [none]
[debug] [2026-07-06T12:58:09.243Z] >>> [apiv2][(partial)header] POST https://serviceusage.googleapis.com/v1beta1/projects/836834025842/services/pubsub.googleapis.com:generateServiceIdentity  x-goog-user-project=836834025842
[debug] [2026-07-06T12:58:09.243Z] >>> [apiv2][body] POST https://serviceusage.googleapis.com/v1beta1/projects/836834025842/services/pubsub.googleapis.com:generateServiceIdentity {}
[debug] [2026-07-06T12:58:09.244Z] >>> [apiv2][query] POST https://serviceusage.googleapis.com/v1beta1/projects/836834025842/services/eventarc.googleapis.com:generateServiceIdentity [none]
[debug] [2026-07-06T12:58:09.244Z] >>> [apiv2][(partial)header] POST https://serviceusage.googleapis.com/v1beta1/projects/836834025842/services/eventarc.googleapis.com:generateServiceIdentity  x-goog-user-project=836834025842
[debug] [2026-07-06T12:58:09.244Z] >>> [apiv2][body] POST https://serviceusage.googleapis.com/v1beta1/projects/836834025842/services/eventarc.googleapis.com:generateServiceIdentity {}
[debug] [2026-07-06T12:58:11.260Z] <<< [apiv2][status] POST https://serviceusage.googleapis.com/v1beta1/projects/836834025842/services/pubsub.googleapis.com:generateServiceIdentity 200
[debug] [2026-07-06T12:58:11.260Z] <<< [apiv2][body] POST https://serviceusage.googleapis.com/v1beta1/projects/836834025842/services/pubsub.googleapis.com:generateServiceIdentity {"name":"operations/finished.DONE_OPERATION","done":true,"response":{"@type":"type.googleapis.com/google.api.serviceusage.v1beta1.ServiceIdentity","email":"service-836834025842@gcp-sa-pubsub.iam.gserviceaccount.com","uniqueId":"112611541010349660867"}}
[debug] [2026-07-06T12:58:11.371Z] <<< [apiv2][status] POST https://serviceusage.googleapis.com/v1beta1/projects/836834025842/services/eventarc.googleapis.com:generateServiceIdentity 200
[debug] [2026-07-06T12:58:11.371Z] <<< [apiv2][body] POST https://serviceusage.googleapis.com/v1beta1/projects/836834025842/services/eventarc.googleapis.com:generateServiceIdentity {"name":"operations/finished.DONE_OPERATION","done":true,"response":{"@type":"type.googleapis.com/google.api.serviceusage.v1beta1.ServiceIdentity","email":"service-836834025842@gcp-sa-eventarc.iam.gserviceaccount.com","uniqueId":"115908286310373861944"}}
[debug] [2026-07-06T12:58:11.372Z] Checked if tokens are valid: true, expires at: 1783345962536
[debug] [2026-07-06T12:58:11.372Z] Checked if tokens are valid: true, expires at: 1783345962536
[debug] [2026-07-06T12:58:11.372Z] >>> [apiv2][query] GET https://compute.googleapis.com/compute/v1/projects/836834025842 [none]
[debug] [2026-07-06T12:58:11.989Z] <<< [apiv2][status] GET https://compute.googleapis.com/compute/v1/projects/836834025842 403
[debug] [2026-07-06T12:58:11.990Z] <<< [apiv2][body] GET https://compute.googleapis.com/compute/v1/projects/836834025842 {"error":{"code":403,"message":"Compute Engine API has not been used in project 836834025842 before or it is disabled. Enable it by visiting https://console.developers.google.com/apis/api/compute.googleapis.com/overview?project=836834025842 then retry. If you enabled this API recently, wait a few minutes for the action to propagate to our systems and retry.","errors":[{"message":"Compute Engine API has not been used in project 836834025842 before or it is disabled. Enable it by visiting https://console.developers.google.com/apis/api/compute.googleapis.com/overview?project=836834025842 then retry. If you enabled this API recently, wait a few minutes for the action to propagate to our systems and retry.","domain":"usageLimits","reason":"accessNotConfigured","extendedHelp":"https://console.developers.google.com"}],"status":"PERMISSION_DENIED","details":[{"@type":"type.googleapis.com/google.rpc.ErrorInfo","reason":"SERVICE_DISABLED","domain":"googleapis.com","metadata":{"containerInfo":"836834025842","activationUrl":"https://console.developers.google.com/apis/api/compute.googleapis.com/overview?project=836834025842","serviceTitle":"Compute Engine API","service":"compute.googleapis.com","consumer":"projects/836834025842"}},{"@type":"type.googleapis.com/google.rpc.LocalizedMessage","locale":"en-US","message":"Compute Engine API has not been used in project 836834025842 before or it is disabled. Enable it by visiting https://console.developers.google.com/apis/api/compute.googleapis.com/overview?project=836834025842 then retry. If you enabled this API recently, wait a few minutes for the action to propagate to our systems and retry."},{"@type":"type.googleapis.com/google.rpc.Help","links":[{"description":"Google developers console API activation","url":"https://console.developers.google.com/apis/api/compute.googleapis.com/overview?project=836834025842"}]}]}}
[debug] [2026-07-06T12:58:11.990Z] unable to look up default compute service account. Falling back to 836834025842-compute@developer.gserviceaccount.com. Error: {"name":"FirebaseError","children":[],"context":{"body":{"error":{"code":403,"message":"Compute Engine API has not been used in project 836834025842 before or it is disabled. Enable it by visiting https://console.developers.google.com/apis/api/compute.googleapis.com/overview?project=836834025842 then retry. If you enabled this API recently, wait a few minutes for the action to propagate to our systems and retry.","errors":[{"message":"Compute Engine API has not been used in project 836834025842 before or it is disabled. Enable it by visiting https://console.developers.google.com/apis/api/compute.googleapis.com/overview?project=836834025842 then retry. If you enabled this API recently, wait a few minutes for the action to propagate to our systems and retry.","domain":"usageLimits","reason":"accessNotConfigured","extendedHelp":"https://console.developers.google.com"}],"status":"PERMISSION_DENIED","details":[{"@type":"type.googleapis.com/google.rpc.ErrorInfo","reason":"SERVICE_DISABLED","domain":"googleapis.com","metadata":{"containerInfo":"836834025842","activationUrl":"https://console.developers.google.com/apis/api/compute.googleapis.com/overview?project=836834025842","serviceTitle":"Compute Engine API","service":"compute.googleapis.com","consumer":"projects/836834025842"}},{"@type":"type.googleapis.com/google.rpc.LocalizedMessage","locale":"en-US","message":"Compute Engine API has not been used in project 836834025842 before or it is disabled. Enable it by visiting https://console.developers.google.com/apis/api/compute.googleapis.com/overview?project=836834025842 then retry. If you enabled this API recently, wait a few minutes for the action to propagate to our systems and retry."},{"@type":"type.googleapis.com/google.rpc.Help","links":[{"description":"Google developers console API activation","url":"https://console.developers.google.com/apis/api/compute.googleapis.com/overview?project=836834025842"}]}]}},"response":{"statusCode":403}},"exit":1,"message":"Request to https://compute.googleapis.com/compute/v1/projects/836834025842 had HTTP Error: 403, Compute Engine API has not been used in project 836834025842 before or it is disabled. Enable it by visiting https://console.developers.google.com/apis/api/compute.googleapis.com/overview?project=836834025842 then retry. If you enabled this API recently, wait a few minutes for the action to propagate to our systems and retry.","status":403}
[debug] [2026-07-06T12:58:11.990Z] Checked if tokens are valid: true, expires at: 1783345962536
[debug] [2026-07-06T12:58:11.990Z] Checked if tokens are valid: true, expires at: 1783345962536
[debug] [2026-07-06T12:58:11.990Z] >>> [apiv2][query] POST https://cloudresourcemanager.googleapis.com/v1/projects/836834025842:getIamPolicy [none]
[debug] [2026-07-06T12:58:13.857Z] <<< [apiv2][status] POST https://cloudresourcemanager.googleapis.com/v1/projects/836834025842:getIamPolicy 200
[debug] [2026-07-06T12:58:13.857Z] <<< [apiv2][body] POST https://cloudresourcemanager.googleapis.com/v1/projects/836834025842:getIamPolicy {"version":1,"etag":"BwZV8MzYt8I=","bindings":[{"role":"roles/cloudbuild.builds.builder","members":["serviceAccount:836834025842@cloudbuild.gserviceaccount.com"]},{"role":"roles/cloudbuild.serviceAgent","members":["serviceAccount:service-836834025842@gcp-sa-cloudbuild.iam.gserviceaccount.com"]},{"role":"roles/cloudfunctions.serviceAgent","members":["serviceAccount:service-836834025842@gcf-admin-robot.iam.gserviceaccount.com"]},{"role":"roles/containerregistry.ServiceAgent","members":["serviceAccount:service-836834025842@containerregistry.iam.gserviceaccount.com"]},{"role":"roles/editor","members":["serviceAccount:836834025842-compute@developer.gserviceaccount.com","serviceAccount:wemall-9e8b0@appspot.gserviceaccount.com"]},{"role":"roles/eventarc.eventReceiver","members":["serviceAccount:836834025842-compute@developer.gserviceaccount.com"]},{"role":"roles/eventarc.serviceAgent","members":["serviceAccount:service-836834025842@gcp-sa-eventarc.iam.gserviceaccount.com"]},{"role":"roles/firebase.managementServiceAgent","members":["serviceAccount:service-836834025842@gcp-sa-firebase.iam.gserviceaccount.com"]},{"role":"roles/firebase.sdkAdminServiceAgent","members":["serviceAccount:firebase-adminsdk-fbsvc@wemall-9e8b0.iam.gserviceaccount.com"]},{"role":"roles/firebaseauth.admin","members":["serviceAccount:firebase-adminsdk-fbsvc@wemall-9e8b0.iam.gserviceaccount.com"]},{"role":"roles/firebasedatabase.admin","members":["serviceAccount:firebase-adminsdk-fbsvc@wemall-9e8b0.iam.gserviceaccount.com"]},{"role":"roles/firebaserules.system","members":["serviceAccount:service-836834025842@firebase-rules.iam.gserviceaccount.com"]},{"role":"roles/firestore.serviceAgent","members":["serviceAccount:service-836834025842@gcp-sa-firestore.iam.gserviceaccount.com"]},{"role":"roles/iam.serviceAccountTokenCreator","members":["serviceAccount:firebase-adminsdk-fbsvc@wemall-9e8b0.iam.gserviceaccount.com","serviceAccount:service-836834025842@gcp-sa-pubsub.iam.gserviceaccount.com"]},{"role":"roles/owner","members":["user:horizondev19@gmail.com"]},{"role":"roles/run.invoker","members":["serviceAccount:836834025842-compute@developer.gserviceaccount.com"]},{"role":"roles/run.serviceAgent","members":["serviceAccount:service-836834025842@serverless-robot-prod.iam.gserviceaccount.com"]}]}
[debug] [2026-07-06T12:58:13.858Z] Checked if tokens are valid: true, expires at: 1783345962536
[debug] [2026-07-06T12:58:13.858Z] Checked if tokens are valid: true, expires at: 1783345962536
[debug] [2026-07-06T12:58:13.858Z] >>> [apiv2][query] GET https://cloudresourcemanager.googleapis.com/v1/projects/wemall-9e8b0 [none]
[debug] [2026-07-06T12:58:14.198Z] <<< [apiv2][status] GET https://cloudresourcemanager.googleapis.com/v1/projects/wemall-9e8b0 200
[debug] [2026-07-06T12:58:14.198Z] <<< [apiv2][body] GET https://cloudresourcemanager.googleapis.com/v1/projects/wemall-9e8b0 {"projectNumber":"836834025842","projectId":"wemall-9e8b0","lifecycleState":"ACTIVE","name":"wemall","labels":{"firebase":"enabled","firebase-core":"disabled"},"createTime":"2026-06-04T15:40:58.598Z"}
[debug] [2026-07-06T12:58:14.198Z] Checked if tokens are valid: true, expires at: 1783345962536
[debug] [2026-07-06T12:58:14.198Z] Checked if tokens are valid: true, expires at: 1783345962536
[debug] [2026-07-06T12:58:14.198Z] >>> [apiv2][query] GET https://compute.googleapis.com/compute/v1/projects/836834025842 [none]
[debug] [2026-07-06T12:58:14.582Z] <<< [apiv2][status] GET https://compute.googleapis.com/compute/v1/projects/836834025842 403
[debug] [2026-07-06T12:58:14.582Z] <<< [apiv2][body] GET https://compute.googleapis.com/compute/v1/projects/836834025842 {"error":{"code":403,"message":"Compute Engine API has not been used in project 836834025842 before or it is disabled. Enable it by visiting https://console.developers.google.com/apis/api/compute.googleapis.com/overview?project=836834025842 then retry. If you enabled this API recently, wait a few minutes for the action to propagate to our systems and retry.","errors":[{"message":"Compute Engine API has not been used in project 836834025842 before or it is disabled. Enable it by visiting https://console.developers.google.com/apis/api/compute.googleapis.com/overview?project=836834025842 then retry. If you enabled this API recently, wait a few minutes for the action to propagate to our systems and retry.","domain":"usageLimits","reason":"accessNotConfigured","extendedHelp":"https://console.developers.google.com"}],"status":"PERMISSION_DENIED","details":[{"@type":"type.googleapis.com/google.rpc.ErrorInfo","reason":"SERVICE_DISABLED","domain":"googleapis.com","metadata":{"containerInfo":"836834025842","service":"compute.googleapis.com","consumer":"projects/836834025842","serviceTitle":"Compute Engine API","activationUrl":"https://console.developers.google.com/apis/api/compute.googleapis.com/overview?project=836834025842"}},{"@type":"type.googleapis.com/google.rpc.LocalizedMessage","locale":"en-US","message":"Compute Engine API has not been used in project 836834025842 before or it is disabled. Enable it by visiting https://console.developers.google.com/apis/api/compute.googleapis.com/overview?project=836834025842 then retry. If you enabled this API recently, wait a few minutes for the action to propagate to our systems and retry."},{"@type":"type.googleapis.com/google.rpc.Help","links":[{"description":"Google developers console API activation","url":"https://console.developers.google.com/apis/api/compute.googleapis.com/overview?project=836834025842"}]}]}}
[debug] [2026-07-06T12:58:14.583Z] unable to look up default compute service account. Falling back to 836834025842-compute@developer.gserviceaccount.com. Error: {"name":"FirebaseError","children":[],"context":{"body":{"error":{"code":403,"message":"Compute Engine API has not been used in project 836834025842 before or it is disabled. Enable it by visiting https://console.developers.google.com/apis/api/compute.googleapis.com/overview?project=836834025842 then retry. If you enabled this API recently, wait a few minutes for the action to propagate to our systems and retry.","errors":[{"message":"Compute Engine API has not been used in project 836834025842 before or it is disabled. Enable it by visiting https://console.developers.google.com/apis/api/compute.googleapis.com/overview?project=836834025842 then retry. If you enabled this API recently, wait a few minutes for the action to propagate to our systems and retry.","domain":"usageLimits","reason":"accessNotConfigured","extendedHelp":"https://console.developers.google.com"}],"status":"PERMISSION_DENIED","details":[{"@type":"type.googleapis.com/google.rpc.ErrorInfo","reason":"SERVICE_DISABLED","domain":"googleapis.com","metadata":{"containerInfo":"836834025842","service":"compute.googleapis.com","consumer":"projects/836834025842","serviceTitle":"Compute Engine API","activationUrl":"https://console.developers.google.com/apis/api/compute.googleapis.com/overview?project=836834025842"}},{"@type":"type.googleapis.com/google.rpc.LocalizedMessage","locale":"en-US","message":"Compute Engine API has not been used in project 836834025842 before or it is disabled. Enable it by visiting https://console.developers.google.com/apis/api/compute.googleapis.com/overview?project=836834025842 then retry. If you enabled this API recently, wait a few minutes for the action to propagate to our systems and retry."},{"@type":"type.googleapis.com/google.rpc.Help","links":[{"description":"Google developers console API activation","url":"https://console.developers.google.com/apis/api/compute.googleapis.com/overview?project=836834025842"}]}]}},"response":{"statusCode":403}},"exit":1,"message":"Request to https://compute.googleapis.com/compute/v1/projects/836834025842 had HTTP Error: 403, Compute Engine API has not been used in project 836834025842 before or it is disabled. Enable it by visiting https://console.developers.google.com/apis/api/compute.googleapis.com/overview?project=836834025842 then retry. If you enabled this API recently, wait a few minutes for the action to propagate to our systems and retry.","status":403}
[debug] [2026-07-06T12:58:14.585Z] Checked if tokens are valid: true, expires at: 1783345962536
[debug] [2026-07-06T12:58:14.585Z] Checked if tokens are valid: true, expires at: 1783345962536
[debug] [2026-07-06T12:58:14.585Z] >>> [apiv2][query] POST https://cloudfunctions.googleapis.com/v2/projects/wemall-9e8b0/locations/africa-south1/functions:generateUploadUrl [none]
[debug] [2026-07-06T12:58:16.483Z] <<< [apiv2][status] POST https://cloudfunctions.googleapis.com/v2/projects/wemall-9e8b0/locations/africa-south1/functions:generateUploadUrl 200
[debug] [2026-07-06T12:58:16.483Z] <<< [apiv2][body] POST https://cloudfunctions.googleapis.com/v2/projects/wemall-9e8b0/locations/africa-south1/functions:generateUploadUrl {"uploadUrl":"https://storage.googleapis.com/gcf-v2-uploads-836834025842.africa-south1.cloudfunctions.appspot.com/dedf7e5c-918c-475c-bfc3-d80686c1775e.zip?GoogleAccessId=service-836834025842@gcf-admin-robot.iam.gserviceaccount.com&Expires=1783344496&Signature=cC9d9sG%2BTt10vxvIM91cJ8C0cPq9wuZ3n0oHGOlF64SmOEbg1K96krcq4w%2FQtkdoHZlSfbKvN5PgPO3G%2BJI%2BJ3aNx4jSmYidZWN55gtaYXFeHk5ovwAKAxQkkOLdzX1dti85D1xs3Symf5vwrP7zivDTGDtq5N3rZmuOGL2R2En3uviSbgdxFYTeXJKzBitoHWzGQPOGsnridHCevt3LwZYB6vb8AtgU79OMArHKGbcUsYQbXz9TNVNIFEULqenDm7ZEluwiLDO3ZGOrGCArQ11pk6zvyMuvLUv8qEWP1OYTyuGcEuHAjBHM0mW9ly6xBf72wHiteKmUxG9iNRBUpg%3D%3D","storageSource":{"bucket":"gcf-v2-uploads-836834025842.africa-south1.cloudfunctions.appspot.com","object":"dedf7e5c-918c-475c-bfc3-d80686c1775e.zip"}}
[debug] [2026-07-06T12:58:16.484Z] >>> [apiv2][query] PUT https://storage.googleapis.com/gcf-v2-uploads-836834025842.africa-south1.cloudfunctions.appspot.com/dedf7e5c-918c-475c-bfc3-d80686c1775e.zip GoogleAccessId=service-836834025842%40gcf-admin-robot.iam.gserviceaccount.com&Expires=1783344496&Signature=cC9d9sG%2BTt10vxvIM91cJ8C0cPq9wuZ3n0oHGOlF64SmOEbg1K96krcq4w%2FQtkdoHZlSfbKvN5PgPO3G%2BJI%2BJ3aNx4jSmYidZWN55gtaYXFeHk5ovwAKAxQkkOLdzX1dti85D1xs3Symf5vwrP7zivDTGDtq5N3rZmuOGL2R2En3uviSbgdxFYTeXJKzBitoHWzGQPOGsnridHCevt3LwZYB6vb8AtgU79OMArHKGbcUsYQbXz9TNVNIFEULqenDm7ZEluwiLDO3ZGOrGCArQ11pk6zvyMuvLUv8qEWP1OYTyuGcEuHAjBHM0mW9ly6xBf72wHiteKmUxG9iNRBUpg%3D%3D
[debug] [2026-07-06T12:58:16.484Z] >>> [apiv2][body] PUT https://storage.googleapis.com/gcf-v2-uploads-836834025842.africa-south1.cloudfunctions.appspot.com/dedf7e5c-918c-475c-bfc3-d80686c1775e.zip [stream]
[debug] [2026-07-06T12:58:17.025Z] <<< [apiv2][status] PUT https://storage.googleapis.com/gcf-v2-uploads-836834025842.africa-south1.cloudfunctions.appspot.com/dedf7e5c-918c-475c-bfc3-d80686c1775e.zip 200
[debug] [2026-07-06T12:58:17.026Z] <<< [apiv2][body] PUT https://storage.googleapis.com/gcf-v2-uploads-836834025842.africa-south1.cloudfunctions.appspot.com/dedf7e5c-918c-475c-bfc3-d80686c1775e.zip [omitted]
[info] ✔  functions: . source uploaded successfully 
[info] i  functions: creating Node.js 22 (2nd Gen) function onMessageCreated(africa-south1)... 
[debug] [2026-07-06T12:58:17.058Z] Checked if tokens are valid: true, expires at: 1783345962536
[debug] [2026-07-06T12:58:17.058Z] Checked if tokens are valid: true, expires at: 1783345962536
[debug] [2026-07-06T12:58:17.058Z] >>> [apiv2][query] POST https://cloudfunctions.googleapis.com/v2/projects/wemall-9e8b0/locations/africa-south1/functions functionId=onMessageCreated
[debug] [2026-07-06T12:58:17.058Z] >>> [apiv2][body] POST https://cloudfunctions.googleapis.com/v2/projects/wemall-9e8b0/locations/africa-south1/functions {"name":"projects/wemall-9e8b0/locations/africa-south1/functions/onMessageCreated","buildConfig":{"runtime":"nodejs22","entryPoint":"onMessageCreated","source":{"storageSource":{"bucket":"gcf-v2-uploads-836834025842.africa-south1.cloudfunctions.appspot.com","object":"dedf7e5c-918c-475c-bfc3-d80686c1775e.zip"}},"environmentVariables":{"GOOGLE_NODE_RUN_SCRIPTS":""}},"serviceConfig":{"environmentVariables":{"FIREBASE_CONFIG":"{\"projectId\":\"wemall-9e8b0\",\"databaseURL\":\"https://wemall-9e8b0-default-rtdb.firebaseio.com\",\"storageBucket\":\"wemall-9e8b0.firebasestorage.app\"}","GCLOUD_PROJECT":"wemall-9e8b0","EVENTARC_CLOUD_EVENT_SOURCE":"projects/wemall-9e8b0/locations/africa-south1/services/onMessageCreated","FUNCTION_SIGNATURE_TYPE":"cloudevent","FUNCTION_TARGET":"onMessageCreated","LOG_EXECUTION_ID":"true"},"ingressSettings":null,"timeoutSeconds":null,"serviceAccountEmail":null,"availableMemory":"256Mi","minInstanceCount":null,"maxInstanceCount":null,"maxInstanceRequestConcurrency":80,"availableCpu":"1","vpcConnector":null,"vpcConnectorEgressSettings":null,"directVpcNetworkInterface":null,"directVpcEgress":null},"labels":{"deployment-tool":"cli-firebase","firebase-functions-hash":"fde3817036d072e8225a0b9984d5380210279b6d"},"eventTrigger":{"eventType":"google.cloud.firestore.document.v1.created","retryPolicy":"RETRY_POLICY_DO_NOT_RETRY","eventFilters":[{"attribute":"database","value":"(default)"},{"attribute":"namespace","value":"(default)"},{"attribute":"document","value":"threads/{threadId}/messages/{messageId}","operator":"match-path-pattern"}],"triggerRegion":"africa-south1"}}
[debug] [2026-07-06T12:58:19.273Z] <<< [apiv2][status] POST https://cloudfunctions.googleapis.com/v2/projects/wemall-9e8b0/locations/africa-south1/functions 200
[debug] [2026-07-06T12:58:19.273Z] <<< [apiv2][body] POST https://cloudfunctions.googleapis.com/v2/projects/wemall-9e8b0/locations/africa-south1/functions {"name":"projects/wemall-9e8b0/locations/africa-south1/operations/operation-1783342698071-655f0d4080795-dd006a38-d64711a3","metadata":{"@type":"type.googleapis.com/google.cloud.functions.v2.OperationMetadata","createTime":"2026-07-06T12:58:19.455088234Z","target":"projects/wemall-9e8b0/locations/africa-south1/functions/onMessageCreated","verb":"create","cancelRequested":false,"apiVersion":"v2"},"done":false}
[debug] [2026-07-06T12:58:19.274Z] Checked if tokens are valid: true, expires at: 1783345962536
[debug] [2026-07-06T12:58:19.274Z] Checked if tokens are valid: true, expires at: 1783345962536
[debug] [2026-07-06T12:58:19.274Z] >>> [apiv2][query] GET https://cloudfunctions.googleapis.com/v2/projects/wemall-9e8b0/locations/africa-south1/operations/operation-1783342698071-655f0d4080795-dd006a38-d64711a3 [none]
[debug] [2026-07-06T12:58:20.722Z] <<< [apiv2][status] GET https://cloudfunctions.googleapis.com/v2/projects/wemall-9e8b0/locations/africa-south1/operations/operation-1783342698071-655f0d4080795-dd006a38-d64711a3 200
[debug] [2026-07-06T12:58:20.722Z] <<< [apiv2][body] GET https://cloudfunctions.googleapis.com/v2/projects/wemall-9e8b0/locations/africa-south1/operations/operation-1783342698071-655f0d4080795-dd006a38-d64711a3 {"name":"projects/wemall-9e8b0/locations/africa-south1/operations/operation-1783342698071-655f0d4080795-dd006a38-d64711a3","metadata":{"@type":"type.googleapis.com/google.cloud.functions.v2.OperationMetadata","createTime":"2026-07-06T12:58:19.455088234Z","target":"projects/wemall-9e8b0/locations/africa-south1/functions/onMessageCreated","verb":"create","cancelRequested":false,"apiVersion":"v2","requestResource":{"@type":"type.googleapis.com/google.cloud.functions.v2.Function","name":"projects/wemall-9e8b0/locations/africa-south1/functions/onMessageCreated","buildConfig":{"runtime":"nodejs22","entryPoint":"onMessageCreated","source":{"storageSource":{"bucket":"gcf-v2-sources-836834025842-africa-south1","object":"onMessageCreated/function-source.zip","generation":"1783342698254003"}},"environmentVariables":{"GOOGLE_NODE_RUN_SCRIPTS":""},"serviceAccount":"projects/wemall-9e8b0/serviceAccounts/836834025842-compute@developer.gserviceaccount.com","automaticUpdatePolicy":{}},"serviceConfig":{"service":"projects/wemall-9e8b0/locations/africa-south1/services/onmessagecreated","timeoutSeconds":60,"environmentVariables":{"FIREBASE_CONFIG":"{\"projectId\":\"wemall-9e8b0\",\"databaseURL\":\"https://wemall-9e8b0-default-rtdb.firebaseio.com\",\"storageBucket\":\"wemall-9e8b0.firebasestorage.app\"}","GCLOUD_PROJECT":"wemall-9e8b0","EVENTARC_CLOUD_EVENT_SOURCE":"projects/wemall-9e8b0/locations/africa-south1/services/onMessageCreated","FUNCTION_SIGNATURE_TYPE":"cloudevent","FUNCTION_TARGET":"onMessageCreated","LOG_EXECUTION_ID":"true"},"ingressSettings":"ALLOW_ALL","serviceAccountEmail":"836834025842-compute@developer.gserviceaccount.com","availableMemory":"256Mi","maxInstanceRequestConcurrency":80,"availableCpu":"1"},"eventTrigger":{"trigger":"projects/wemall-9e8b0/locations/africa-south1/triggers/onmessagecreated-622288","triggerRegion":"africa-south1","eventType":"google.cloud.firestore.document.v1.created","eventFilters":[{"attribute":"database","value":"(default)"},{"attribute":"namespace","value":"(default)"},{"attribute":"document","value":"threads/{threadId}/messages/{messageId}","operator":"match-path-pattern"}],"serviceAccountEmail":"836834025842-compute@developer.gserviceaccount.com","retryPolicy":"RETRY_POLICY_DO_NOT_RETRY"},"labels":{"deployment-tool":"cli-firebase","firebase-functions-hash":"fde3817036d072e8225a0b9984d5380210279b6d"},"environment":"GEN_2"},"stages":[{"name":"BUILD","state":"NOT_STARTED"},{"name":"SERVICE","state":"NOT_STARTED"},{"name":"TRIGGER","state":"NOT_STARTED"}],"operationType":"CREATE_FUNCTION"},"done":false}
[debug] [2026-07-06T12:58:21.223Z] [create-default-africa-south1-onMessageCreated] Retrying task index 0
[debug] [2026-07-06T12:58:21.224Z] Checked if tokens are valid: true, expires at: 1783345962536
[debug] [2026-07-06T12:58:21.224Z] Checked if tokens are valid: true, expires at: 1783345962536
[debug] [2026-07-06T12:58:21.224Z] >>> [apiv2][query] GET https://cloudfunctions.googleapis.com/v2/projects/wemall-9e8b0/locations/africa-south1/operations/operation-1783342698071-655f0d4080795-dd006a38-d64711a3 [none]
[debug] [2026-07-06T12:58:22.729Z] <<< [apiv2][status] GET https://cloudfunctions.googleapis.com/v2/projects/wemall-9e8b0/locations/africa-south1/operations/operation-1783342698071-655f0d4080795-dd006a38-d64711a3 200
[debug] [2026-07-06T12:58:22.730Z] <<< [apiv2][body] GET https://cloudfunctions.googleapis.com/v2/projects/wemall-9e8b0/locations/africa-south1/operations/operation-1783342698071-655f0d4080795-dd006a38-d64711a3 {"name":"projects/wemall-9e8b0/locations/africa-south1/operations/operation-1783342698071-655f0d4080795-dd006a38-d64711a3","metadata":{"@type":"type.googleapis.com/google.cloud.functions.v2.OperationMetadata","createTime":"2026-07-06T12:58:19.455088234Z","target":"projects/wemall-9e8b0/locations/africa-south1/functions/onMessageCreated","verb":"create","cancelRequested":false,"apiVersion":"v2","requestResource":{"@type":"type.googleapis.com/google.cloud.functions.v2.Function","name":"projects/wemall-9e8b0/locations/africa-south1/functions/onMessageCreated","buildConfig":{"runtime":"nodejs22","entryPoint":"onMessageCreated","source":{"storageSource":{"bucket":"gcf-v2-sources-836834025842-africa-south1","object":"onMessageCreated/function-source.zip","generation":"1783342698254003"}},"environmentVariables":{"GOOGLE_NODE_RUN_SCRIPTS":""},"serviceAccount":"projects/wemall-9e8b0/serviceAccounts/836834025842-compute@developer.gserviceaccount.com","automaticUpdatePolicy":{}},"serviceConfig":{"service":"projects/wemall-9e8b0/locations/africa-south1/services/onmessagecreated","timeoutSeconds":60,"environmentVariables":{"FIREBASE_CONFIG":"{\"projectId\":\"wemall-9e8b0\",\"databaseURL\":\"https://wemall-9e8b0-default-rtdb.firebaseio.com\",\"storageBucket\":\"wemall-9e8b0.firebasestorage.app\"}","GCLOUD_PROJECT":"wemall-9e8b0","EVENTARC_CLOUD_EVENT_SOURCE":"projects/wemall-9e8b0/locations/africa-south1/services/onMessageCreated","FUNCTION_SIGNATURE_TYPE":"cloudevent","FUNCTION_TARGET":"onMessageCreated","LOG_EXECUTION_ID":"true"},"ingressSettings":"ALLOW_ALL","serviceAccountEmail":"836834025842-compute@developer.gserviceaccount.com","availableMemory":"256Mi","maxInstanceRequestConcurrency":80,"availableCpu":"1"},"eventTrigger":{"trigger":"projects/wemall-9e8b0/locations/africa-south1/triggers/onmessagecreated-622288","triggerRegion":"africa-south1","eventType":"google.cloud.firestore.document.v1.created","eventFilters":[{"attribute":"database","value":"(default)"},{"attribute":"namespace","value":"(default)"},{"attribute":"document","value":"threads/{threadId}/messages/{messageId}","operator":"match-path-pattern"}],"serviceAccountEmail":"836834025842-compute@developer.gserviceaccount.com","retryPolicy":"RETRY_POLICY_DO_NOT_RETRY"},"labels":{"deployment-tool":"cli-firebase","firebase-functions-hash":"fde3817036d072e8225a0b9984d5380210279b6d"},"environment":"GEN_2"},"stages":[{"name":"BUILD","state":"NOT_STARTED"},{"name":"SERVICE","state":"NOT_STARTED"},{"name":"TRIGGER","state":"NOT_STARTED"}],"operationType":"CREATE_FUNCTION"},"done":false}
[debug] [2026-07-06T12:58:23.731Z] [create-default-africa-south1-onMessageCreated] Retrying task index 0
[debug] [2026-07-06T12:58:23.731Z] Checked if tokens are valid: true, expires at: 1783345962536
[debug] [2026-07-06T12:58:23.731Z] Checked if tokens are valid: true, expires at: 1783345962536
[debug] [2026-07-06T12:58:23.731Z] >>> [apiv2][query] GET https://cloudfunctions.googleapis.com/v2/projects/wemall-9e8b0/locations/africa-south1/operations/operation-1783342698071-655f0d4080795-dd006a38-d64711a3 [none]
[debug] [2026-07-06T12:58:25.218Z] <<< [apiv2][status] GET https://cloudfunctions.googleapis.com/v2/projects/wemall-9e8b0/locations/africa-south1/operations/operation-1783342698071-655f0d4080795-dd006a38-d64711a3 200
[debug] [2026-07-06T12:58:25.218Z] <<< [apiv2][body] GET https://cloudfunctions.googleapis.com/v2/projects/wemall-9e8b0/locations/africa-south1/operations/operation-1783342698071-655f0d4080795-dd006a38-d64711a3 {"name":"projects/wemall-9e8b0/locations/africa-south1/operations/operation-1783342698071-655f0d4080795-dd006a38-d64711a3","metadata":{"@type":"type.googleapis.com/google.cloud.functions.v2.OperationMetadata","createTime":"2026-07-06T12:58:19.455088234Z","target":"projects/wemall-9e8b0/locations/africa-south1/functions/onMessageCreated","verb":"create","cancelRequested":false,"apiVersion":"v2","requestResource":{"@type":"type.googleapis.com/google.cloud.functions.v2.Function","name":"projects/wemall-9e8b0/locations/africa-south1/functions/onMessageCreated","buildConfig":{"runtime":"nodejs22","entryPoint":"onMessageCreated","source":{"storageSource":{"bucket":"gcf-v2-sources-836834025842-africa-south1","object":"onMessageCreated/function-source.zip","generation":"1783342698254003"}},"environmentVariables":{"GOOGLE_NODE_RUN_SCRIPTS":""},"serviceAccount":"projects/wemall-9e8b0/serviceAccounts/836834025842-compute@developer.gserviceaccount.com","automaticUpdatePolicy":{}},"serviceConfig":{"service":"projects/wemall-9e8b0/locations/africa-south1/services/onmessagecreated","timeoutSeconds":60,"environmentVariables":{"FIREBASE_CONFIG":"{\"projectId\":\"wemall-9e8b0\",\"databaseURL\":\"https://wemall-9e8b0-default-rtdb.firebaseio.com\",\"storageBucket\":\"wemall-9e8b0.firebasestorage.app\"}","GCLOUD_PROJECT":"wemall-9e8b0","EVENTARC_CLOUD_EVENT_SOURCE":"projects/wemall-9e8b0/locations/africa-south1/services/onMessageCreated","FUNCTION_SIGNATURE_TYPE":"cloudevent","FUNCTION_TARGET":"onMessageCreated","LOG_EXECUTION_ID":"true"},"ingressSettings":"ALLOW_ALL","serviceAccountEmail":"836834025842-compute@developer.gserviceaccount.com","availableMemory":"256Mi","maxInstanceRequestConcurrency":80,"availableCpu":"1"},"eventTrigger":{"trigger":"projects/wemall-9e8b0/locations/africa-south1/triggers/onmessagecreated-622288","triggerRegion":"africa-south1","eventType":"google.cloud.firestore.document.v1.created","eventFilters":[{"attribute":"database","value":"(default)"},{"attribute":"namespace","value":"(default)"},{"attribute":"document","value":"threads/{threadId}/messages/{messageId}","operator":"match-path-pattern"}],"serviceAccountEmail":"836834025842-compute@developer.gserviceaccount.com","retryPolicy":"RETRY_POLICY_DO_NOT_RETRY"},"labels":{"deployment-tool":"cli-firebase","firebase-functions-hash":"fde3817036d072e8225a0b9984d5380210279b6d"},"environment":"GEN_2"},"stages":[{"name":"BUILD","state":"NOT_STARTED"},{"name":"SERVICE","state":"NOT_STARTED"},{"name":"TRIGGER","state":"NOT_STARTED"}],"operationType":"CREATE_FUNCTION"},"done":false}
[debug] [2026-07-06T12:58:27.219Z] [create-default-africa-south1-onMessageCreated] Retrying task index 0
[debug] [2026-07-06T12:58:27.219Z] Checked if tokens are valid: true, expires at: 1783345962536
[debug] [2026-07-06T12:58:27.219Z] Checked if tokens are valid: true, expires at: 1783345962536
[debug] [2026-07-06T12:58:27.219Z] >>> [apiv2][query] GET https://cloudfunctions.googleapis.com/v2/projects/wemall-9e8b0/locations/africa-south1/operations/operation-1783342698071-655f0d4080795-dd006a38-d64711a3 [none]
[debug] [2026-07-06T12:58:28.485Z] <<< [apiv2][status] GET https://cloudfunctions.googleapis.com/v2/projects/wemall-9e8b0/locations/africa-south1/operations/operation-1783342698071-655f0d4080795-dd006a38-d64711a3 200
[debug] [2026-07-06T12:58:28.485Z] <<< [apiv2][body] GET https://cloudfunctions.googleapis.com/v2/projects/wemall-9e8b0/locations/africa-south1/operations/operation-1783342698071-655f0d4080795-dd006a38-d64711a3 {"name":"projects/wemall-9e8b0/locations/africa-south1/operations/operation-1783342698071-655f0d4080795-dd006a38-d64711a3","metadata":{"@type":"type.googleapis.com/google.cloud.functions.v2.OperationMetadata","createTime":"2026-07-06T12:58:19.455088234Z","target":"projects/wemall-9e8b0/locations/africa-south1/functions/onMessageCreated","verb":"create","cancelRequested":false,"apiVersion":"v2","requestResource":{"@type":"type.googleapis.com/google.cloud.functions.v2.Function","name":"projects/wemall-9e8b0/locations/africa-south1/functions/onMessageCreated","buildConfig":{"runtime":"nodejs22","entryPoint":"onMessageCreated","source":{"storageSource":{"bucket":"gcf-v2-sources-836834025842-africa-south1","object":"onMessageCreated/function-source.zip","generation":"1783342698254003"}},"environmentVariables":{"GOOGLE_NODE_RUN_SCRIPTS":""},"serviceAccount":"projects/wemall-9e8b0/serviceAccounts/836834025842-compute@developer.gserviceaccount.com","automaticUpdatePolicy":{}},"serviceConfig":{"service":"projects/wemall-9e8b0/locations/africa-south1/services/onmessagecreated","timeoutSeconds":60,"environmentVariables":{"FIREBASE_CONFIG":"{\"projectId\":\"wemall-9e8b0\",\"databaseURL\":\"https://wemall-9e8b0-default-rtdb.firebaseio.com\",\"storageBucket\":\"wemall-9e8b0.firebasestorage.app\"}","GCLOUD_PROJECT":"wemall-9e8b0","EVENTARC_CLOUD_EVENT_SOURCE":"projects/wemall-9e8b0/locations/africa-south1/services/onMessageCreated","FUNCTION_SIGNATURE_TYPE":"cloudevent","FUNCTION_TARGET":"onMessageCreated","LOG_EXECUTION_ID":"true"},"ingressSettings":"ALLOW_ALL","serviceAccountEmail":"836834025842-compute@developer.gserviceaccount.com","availableMemory":"256Mi","maxInstanceRequestConcurrency":80,"availableCpu":"1"},"eventTrigger":{"trigger":"projects/wemall-9e8b0/locations/africa-south1/triggers/onmessagecreated-622288","triggerRegion":"africa-south1","eventType":"google.cloud.firestore.document.v1.created","eventFilters":[{"attribute":"database","value":"(default)"},{"attribute":"namespace","value":"(default)"},{"attribute":"document","value":"threads/{threadId}/messages/{messageId}","operator":"match-path-pattern"}],"serviceAccountEmail":"836834025842-compute@developer.gserviceaccount.com","retryPolicy":"RETRY_POLICY_DO_NOT_RETRY"},"labels":{"deployment-tool":"cli-firebase","firebase-functions-hash":"fde3817036d072e8225a0b9984d5380210279b6d"},"environment":"GEN_2"},"stages":[{"name":"BUILD","state":"NOT_STARTED"},{"name":"SERVICE","state":"NOT_STARTED"},{"name":"TRIGGER","state":"NOT_STARTED"}],"operationType":"CREATE_FUNCTION"},"done":false}
[debug] [2026-07-06T12:58:32.487Z] [create-default-africa-south1-onMessageCreated] Retrying task index 0
[debug] [2026-07-06T12:58:32.487Z] Checked if tokens are valid: true, expires at: 1783345962536
[debug] [2026-07-06T12:58:32.487Z] Checked if tokens are valid: true, expires at: 1783345962536
[debug] [2026-07-06T12:58:32.487Z] >>> [apiv2][query] GET https://cloudfunctions.googleapis.com/v2/projects/wemall-9e8b0/locations/africa-south1/operations/operation-1783342698071-655f0d4080795-dd006a38-d64711a3 [none]
[debug] [2026-07-06T12:58:33.084Z] <<< [apiv2][status] GET https://cloudfunctions.googleapis.com/v2/projects/wemall-9e8b0/locations/africa-south1/operations/operation-1783342698071-655f0d4080795-dd006a38-d64711a3 200
[debug] [2026-07-06T12:58:33.084Z] <<< [apiv2][body] GET https://cloudfunctions.googleapis.com/v2/projects/wemall-9e8b0/locations/africa-south1/operations/operation-1783342698071-655f0d4080795-dd006a38-d64711a3 {"name":"projects/wemall-9e8b0/locations/africa-south1/operations/operation-1783342698071-655f0d4080795-dd006a38-d64711a3","metadata":{"@type":"type.googleapis.com/google.cloud.functions.v2.OperationMetadata","createTime":"2026-07-06T12:58:19.455088234Z","target":"projects/wemall-9e8b0/locations/africa-south1/functions/onMessageCreated","verb":"create","cancelRequested":false,"apiVersion":"v2","requestResource":{"@type":"type.googleapis.com/google.cloud.functions.v2.Function","name":"projects/wemall-9e8b0/locations/africa-south1/functions/onMessageCreated","buildConfig":{"runtime":"nodejs22","entryPoint":"onMessageCreated","source":{"storageSource":{"bucket":"gcf-v2-sources-836834025842-africa-south1","object":"onMessageCreated/function-source.zip","generation":"1783342698254003"}},"environmentVariables":{"GOOGLE_NODE_RUN_SCRIPTS":""},"serviceAccount":"projects/wemall-9e8b0/serviceAccounts/836834025842-compute@developer.gserviceaccount.com","automaticUpdatePolicy":{}},"serviceConfig":{"service":"projects/wemall-9e8b0/locations/africa-south1/services/onmessagecreated","timeoutSeconds":60,"environmentVariables":{"FIREBASE_CONFIG":"{\"projectId\":\"wemall-9e8b0\",\"databaseURL\":\"https://wemall-9e8b0-default-rtdb.firebaseio.com\",\"storageBucket\":\"wemall-9e8b0.firebasestorage.app\"}","GCLOUD_PROJECT":"wemall-9e8b0","EVENTARC_CLOUD_EVENT_SOURCE":"projects/wemall-9e8b0/locations/africa-south1/services/onMessageCreated","FUNCTION_SIGNATURE_TYPE":"cloudevent","FUNCTION_TARGET":"onMessageCreated","LOG_EXECUTION_ID":"true"},"ingressSettings":"ALLOW_ALL","serviceAccountEmail":"836834025842-compute@developer.gserviceaccount.com","availableMemory":"256Mi","maxInstanceRequestConcurrency":80,"availableCpu":"1"},"eventTrigger":{"trigger":"projects/wemall-9e8b0/locations/africa-south1/triggers/onmessagecreated-622288","triggerRegion":"africa-south1","eventType":"google.cloud.firestore.document.v1.created","eventFilters":[{"attribute":"database","value":"(default)"},{"attribute":"namespace","value":"(default)"},{"attribute":"document","value":"threads/{threadId}/messages/{messageId}","operator":"match-path-pattern"}],"serviceAccountEmail":"836834025842-compute@developer.gserviceaccount.com","retryPolicy":"RETRY_POLICY_DO_NOT_RETRY"},"labels":{"deployment-tool":"cli-firebase","firebase-functions-hash":"fde3817036d072e8225a0b9984d5380210279b6d"},"environment":"GEN_2"},"stages":[{"name":"BUILD","state":"NOT_STARTED"},{"name":"SERVICE","state":"NOT_STARTED"},{"name":"TRIGGER","state":"NOT_STARTED"}],"operationType":"CREATE_FUNCTION"},"done":false}
